Condition,Valence_rc,Arousal_rc,Dominance,Stress,MentalEffort,MentalDemand,PhysicalDemand,TemporalDemand,Effort,Performance_rc,Frustration,HR,RMSSD,SCL,NasaTLX
0,6,4,6,4.1,5.1,0.7,0.7,5,5,4.9,5.2,69,0.044294,68.21287,50.7
0,6,4,6,4.1,5.1,0.7,0.7,5,5,4.9,5.2,74,0.037915,67.145289,50.7
0,6,4,6,4.1,5.1,0.7,0.7,5,5,4.9,5.2,65,0.066091,67.248375,50.7
0,6,4,6,4.1,5.1,0.7,0.7,5,5,4.9,5.2,67,0.045529,65.998403,50.7
0,6,4,6,4.1,5.1,0.7,0.7,5,5,4.9,5.2,70,0.042963,66.27938,50.7
0,6,4,6,4.1,5.1,0.7,0.7,5,5,4.9,5.2,69,0.05259,67.702527,50.7
0,6,4,6,4.1,5.1,0.7,0.7,5,5,4.9,5.2,68,0.052944,66.217699,50.7
0,6,4,6,4.1,5.1,0.7,0.7,5,5,4.9,5.2,66,0.05016,67.625462,50.7
0,6,4,6,4.1,5.1,0.7,0.7,5,5,4.9,5.2,66,0.034505,66.731162,50.7
0,6,4,6,4.1,5.1,0.7,0.7,5,5,4.9,5.2,70,0.042028,67.267059,50.7
0,6,4,6,4.1,5.1,0.7,0.7,5,5,4.9,5.2,65,0.042229,68.164472,50.7
0,6,4,6,4.1,5.1,0.7,0.7,5,5,4.9,5.2,65,0.052145,68.173421,50.7
0,6,4,6,4.1,5.1,0.7,0.7,5,5,4.9,5.2,66,0.054648,67.38317,50.7
0,6,4,6,4.1,5.1,0.7,0.7,5,5,4.9,5.2,67,0.051748,65.251621,50.7
0,6,4,6,4.1,5.1,0.7,0.7,5,5,4.9,5.2,69,0.05049,64.253475,50.7
0,6,4,6,4.1,5.1,0.7,0.7,5,5,4.9,5.2,69,0.031853,63.697593,50.7
0,6,4,6,4.1,5.1,0.7,0.7,5,5,4.9,5.2,67,0.041906,63.475775,50.7
0,6,4,6,4.1,5.1,0.7,0.7,5,5,4.9,5.2,69,0.046488,64.199901,50.7
0,6,4,6,4.1,5.1,0.7,0.7,5,5,4.9,5.2,67,0.029738,63.23822,50.7
0,6,4,6,4.1,5.1,0.7,0.7,5,5,4.9,5.2,69,0.035878,63.793363,50.7
0,6,4,6,4.1,5.1,0.7,0.7,5,5,4.9,5.2,71,0.030761,63.158369,50.7
0,6,4,6,4.1,5.1,0.7,0.7,5,5,4.9,5.2,67,0.036038,62.132903,50.7
0,6,4,6,4.1,5.1,0.7,0.7,5,5,4.9,5.2,67,0.047385,63.439268,50.7
0,6,4,6,4.1,5.1,0.7,0.7,5,5,4.9,5.2,65,0.14202,62.754529,50.7
0,6,4,6,4.1,5.1,0.7,0.7,5,5,4.9,5.2,67,0.082444,61.584872,50.7
0,6,4,6,4.1,5.1,0.7,0.7,5,5,4.9,5.2,70,0.038178,63.205819,50.7
0,6,4,6,4.1,5.1,0.7,0.7,5,5,4.9,5.2,68,0.098728,62.136688,50.7
0,6,4,6,4.1,5.1,0.7,0.7,5,5,4.9,5.2,72,0.07129,61.536467,50.7
0,6,4,6,4.1,5.1,0.7,0.7,5,5,4.9,5.2,70,0.05405,61.120339,50.7
0,6,4,6,4.1,5.1,0.7,0.7,5,5,4.9,5.2,67,0.130551,59.235228,50.7
0,6,4,6,4.1,5.1,0.7,0.7,5,5,4.9,5.2,67,0.058058,59.765614,50.7
0,6,4,6,4.1,5.1,0.7,0.7,5,5,4.9,5.2,65,0.065126,58.937163,50.7
0,6,4,6,4.1,5.1,0.7,0.7,5,5,4.9,5.2,68,0.032421,59.538086,50.7
0,6,4,6,4.1,5.1,0.7,0.7,5,5,4.9,5.2,72,0.038555,59.609233,50.7
0,6,4,6,4.1,5.1,0.7,0.7,5,5,4.9,5.2,64,0.027514,57.97461,50.7
0,6,4,6,4.1,5.1,0.7,0.7,5,5,4.9,5.2,67,0.030465,59.749963,50.7
0,6,4,6,4.1,5.1,0.7,0.7,5,5,4.9,5.2,66,0.03956,60.195209,50.7
0,6,4,6,4.1,5.1,0.7,0.7,5,5,4.9,5.2,64,0.06451,59.180433,50.7
0,6,4,6,4.1,5.1,0.7,0.7,5,5,4.9,5.2,63,0.153955,59.405891,50.7
0,6,4,6,4.1,5.1,0.7,0.7,5,5,4.9,5.2,64,0.047745,60.155477,50.7
2,6,5,7,5.9,7.7,2.3,4.7,6.7,6.2,3.8,4.7,65,0.031021,62.716422,61
2,6,5,7,5.9,7.7,2.3,4.7,6.7,6.2,3.8,4.7,66,0.096601,62.367833,61
2,6,5,7,5.9,7.7,2.3,4.7,6.7,6.2,3.8,4.7,63,0.060822,62.417151,61
2,6,5,7,5.9,7.7,2.3,4.7,6.7,6.2,3.8,4.7,66,0.036781,60.431061,61
2,6,5,7,5.9,7.7,2.3,4.7,6.7,6.2,3.8,4.7,67,0.02108,60.43059,61
2,6,5,7,5.9,7.7,2.3,4.7,6.7,6.2,3.8,4.7,64,0.044939,61.105801,61
2,6,5,7,5.9,7.7,2.3,4.7,6.7,6.2,3.8,4.7,66,0.044271,60.569495,61
2,6,5,7,5.9,7.7,2.3,4.7,6.7,6.2,3.8,4.7,63,0.041425,60.98637,61
2,6,5,7,5.9,7.7,2.3,4.7,6.7,6.2,3.8,4.7,65,0.04585,62.110854,61
2,6,5,7,5.9,7.7,2.3,4.7,6.7,6.2,3.8,4.7,63,0.036392,60.799698,61
2,6,5,7,5.9,7.7,2.3,4.7,6.7,6.2,3.8,4.7,64,0.044654,61.294046,61
2,6,5,7,5.9,7.7,2.3,4.7,6.7,6.2,3.8,4.7,62,0.039849,62.020273,61
2,6,5,7,5.9,7.7,2.3,4.7,6.7,6.2,3.8,4.7,65,0.038433,63.408377,61
2,6,5,7,5.9,7.7,2.3,4.7,6.7,6.2,3.8,4.7,62,0.074214,63.676875,61
2,6,5,7,5.9,7.7,2.3,4.7,6.7,6.2,3.8,4.7,62,0.046152,63.856276,61
2,6,5,7,5.9,7.7,2.3,4.7,6.7,6.2,3.8,4.7,65,0.063123,63.627719,61
2,6,5,7,5.9,7.7,2.3,4.7,6.7,6.2,3.8,4.7,62,0.047387,64.164839,61
2,6,5,7,5.9,7.7,2.3,4.7,6.7,6.2,3.8,4.7,71,0.032866,63.175696,61
2,6,5,7,5.9,7.7,2.3,4.7,6.7,6.2,3.8,4.7,65,0.048127,59.996933,61
2,6,5,7,5.9,7.7,2.3,4.7,6.7,6.2,3.8,4.7,60,0.042053,61.985641,61
2,6,5,7,5.9,7.7,2.3,4.7,6.7,6.2,3.8,4.7,62,0.054897,64.477568,61
2,6,5,7,5.9,7.7,2.3,4.7,6.7,6.2,3.8,4.7,69,0.038843,64.559337,61
2,6,5,7,5.9,7.7,2.3,4.7,6.7,6.2,3.8,4.7,67,0.048483,65.103271,61
1,5,7,4,3.5,8.4,3.8,5.1,5.7,6.4,3.2,5.1,60,0.181799,70.614435,60.7
1,5,7,4,3.5,8.4,3.8,5.1,5.7,6.4,3.2,5.1,58,0.057015,71.673855,60.7
1,5,7,4,3.5,8.4,3.8,5.1,5.7,6.4,3.2,5.1,62,0.032067,68.076179,60.7
1,5,7,4,3.5,8.4,3.8,5.1,5.7,6.4,3.2,5.1,68,0.044335,64.350908,60.7
1,5,7,4,3.5,8.4,3.8,5.1,5.7,6.4,3.2,5.1,61,0.123104,64.676352,60.7
1,5,7,4,3.5,8.4,3.8,5.1,5.7,6.4,3.2,5.1,60,0.139942,66.843593,60.7
1,5,7,4,3.5,8.4,3.8,5.1,5.7,6.4,3.2,5.1,58,0.161088,66.915312,60.7
1,5,7,4,3.5,8.4,3.8,5.1,5.7,6.4,3.2,5.1,62,0.20475,66.109096,60.7
1,5,7,4,3.5,8.4,3.8,5.1,5.7,6.4,3.2,5.1,61,0.120737,67.198951,60.7
1,5,7,4,3.5,8.4,3.8,5.1,5.7,6.4,3.2,5.1,62,0.131125,70.501724,60.7
1,5,7,4,3.5,8.4,3.8,5.1,5.7,6.4,3.2,5.1,66,0.037924,71.752483,60.7
1,5,7,4,3.5,8.4,3.8,5.1,5.7,6.4,3.2,5.1,62,0.039196,70.450376,60.7
1,5,7,4,3.5,8.4,3.8,5.1,5.7,6.4,3.2,5.1,70,0.051239,67.110184,60.7
1,5,7,4,3.5,8.4,3.8,5.1,5.7,6.4,3.2,5.1,64,0.126579,67.15876,60.7
1,5,7,4,3.5,8.4,3.8,5.1,5.7,6.4,3.2,5.1,62,0.05582,69.4105,60.7
1,5,7,4,3.5,8.4,3.8,5.1,5.7,6.4,3.2,5.1,64,0.061607,71.063413,60.7
1,5,7,4,3.5,8.4,3.8,5.1,5.7,6.4,3.2,5.1,68,0.044639,65.030928,60.7
1,5,7,4,3.5,8.4,3.8,5.1,5.7,6.4,3.2,5.1,63,0.048643,63.663495,60.7
1,5,7,4,3.5,8.4,3.8,5.1,5.7,6.4,3.2,5.1,67,0.049109,65.423209,60.7
1,5,7,4,3.5,8.4,3.8,5.1,5.7,6.4,3.2,5.1,62,0.058354,65.508794,60.7
1,5,7,4,3.5,8.4,3.8,5.1,5.7,6.4,3.2,5.1,68,0.04791,65.385825,60.7
1,5,7,4,3.5,8.4,3.8,5.1,5.7,6.4,3.2,5.1,65,0.046271,65.538775,60.7
1,5,7,4,3.5,8.4,3.8,5.1,5.7,6.4,3.2,5.1,65,0.056532,66.148182,60.7
1,5,7,4,3.5,8.4,3.8,5.1,5.7,6.4,3.2,5.1,63,0.05471,65.460426,60.7
1,5,7,4,3.5,8.4,3.8,5.1,5.7,6.4,3.2,5.1,63,0.049588,65.906614,60.7
1,5,7,4,3.5,8.4,3.8,5.1,5.7,6.4,3.2,5.1,61,0.051008,66.168921,60.7
0,5,3,2,1.4,1.3,2.4,4.5,6.5,3.5,5,1,77,0.033452,93.391573,39.4
0,5,3,2,1.4,1.3,2.4,4.5,6.5,3.5,5,1,75,0.038485,96.098304,39.4
0,5,3,2,1.4,1.3,2.4,4.5,6.5,3.5,5,1,74,0.032061,98.229541,39.4
0,5,3,2,1.4,1.3,2.4,4.5,6.5,3.5,5,1,75,0.035849,97.062536,39.4
0,5,3,2,1.4,1.3,2.4,4.5,6.5,3.5,5,1,75,0.031762,102.659187,39.4
0,5,3,2,1.4,1.3,2.4,4.5,6.5,3.5,5,1,77,0.035179,84.326779,39.4
0,5,3,2,1.4,1.3,2.4,4.5,6.5,3.5,5,1,76,0.031079,86.042558,39.4
0,5,3,2,1.4,1.3,2.4,4.5,6.5,3.5,5,1,77,0.05558,88.100183,39.4
0,5,3,2,1.4,1.3,2.4,4.5,6.5,3.5,5,1,79,0.02893,83.644879,39.4
0,5,3,2,1.4,1.3,2.4,4.5,6.5,3.5,5,1,76,0.036645,82.871359,39.4
0,5,3,2,1.4,1.3,2.4,4.5,6.5,3.5,5,1,77,0.03051,83.786947,39.4
0,5,3,2,1.4,1.3,2.4,4.5,6.5,3.5,5,1,76,0.03745,81.544525,39.4
0,5,3,2,1.4,1.3,2.4,4.5,6.5,3.5,5,1,78,0.031661,84.763722,39.4
0,5,3,2,1.4,1.3,2.4,4.5,6.5,3.5,5,1,77,0.031009,83.598632,39.4
0,5,3,2,1.4,1.3,2.4,4.5,6.5,3.5,5,1,79,0.032081,84.816785,39.4
0,5,3,2,1.4,1.3,2.4,4.5,6.5,3.5,5,1,77,0.028674,83.8407,39.4
0,5,3,2,1.4,1.3,2.4,4.5,6.5,3.5,5,1,78,0.03333,80.624918,39.4
0,5,3,2,1.4,1.3,2.4,4.5,6.5,3.5,5,1,78,0.03632,80.54103,39.4
0,5,3,2,1.4,1.3,2.4,4.5,6.5,3.5,5,1,77,0.037889,80.382446,39.4
0,5,3,2,1.4,1.3,2.4,4.5,6.5,3.5,5,1,78,0.031209,79.266277,39.4
0,5,3,2,1.4,1.3,2.4,4.5,6.5,3.5,5,1,79,0.029773,81.080237,39.4
0,5,3,2,1.4,1.3,2.4,4.5,6.5,3.5,5,1,74,0.044637,83.595097,39.4
0,5,3,2,1.4,1.3,2.4,4.5,6.5,3.5,5,1,78,0.035925,82.478524,39.4
0,5,3,2,1.4,1.3,2.4,4.5,6.5,3.5,5,1,77,0.037728,81.782772,39.4
0,5,3,2,1.4,1.3,2.4,4.5,6.5,3.5,5,1,74,0.037997,79.930828,39.4
0,5,3,2,1.4,1.3,2.4,4.5,6.5,3.5,5,1,77,0.033732,80.971084,39.4
0,5,3,2,1.4,1.3,2.4,4.5,6.5,3.5,5,1,75,0.033192,79.607103,39.4
0,5,3,2,1.4,1.3,2.4,4.5,6.5,3.5,5,1,77,0.03947,78.999275,39.4
0,5,3,2,1.4,1.3,2.4,4.5,6.5,3.5,5,1,75,0.033667,81.424595,39.4
0,5,3,2,1.4,1.3,2.4,4.5,6.5,3.5,5,1,77,0.032281,82.492451,39.4
0,5,3,2,1.4,1.3,2.4,4.5,6.5,3.5,5,1,75,0.04498,82.142825,39.4
0,5,3,2,1.4,1.3,2.4,4.5,6.5,3.5,5,1,76,0.037443,79.375762,39.4
0,5,3,2,1.4,1.3,2.4,4.5,6.5,3.5,5,1,78,0.032284,79.279167,39.4
0,5,3,2,1.4,1.3,2.4,4.5,6.5,3.5,5,1,75,0.03767,79.270753,39.4
0,5,3,2,1.4,1.3,2.4,4.5,6.5,3.5,5,1,78,0.027502,81.628947,39.4
0,5,3,2,1.4,1.3,2.4,4.5,6.5,3.5,5,1,79,0.031294,86.806251,39.4
0,5,3,2,1.4,1.3,2.4,4.5,6.5,3.5,5,1,77,0.036673,83.867194,39.4
0,5,3,2,1.4,1.3,2.4,4.5,6.5,3.5,5,1,77,0.030816,87.890192,39.4
0,5,3,2,1.4,1.3,2.4,4.5,6.5,3.5,5,1,76,0.039981,86.563433,39.4
0,5,3,2,1.4,1.3,2.4,4.5,6.5,3.5,5,1,77,0.027315,80.196501,39.4
0,5,3,2,1.4,1.3,2.4,4.5,6.5,3.5,5,1,73,0.034171,82.948308,39.4
0,5,3,2,1.4,1.3,2.4,4.5,6.5,3.5,5,1,77,0.028151,85.388049,39.4
0,5,3,2,1.4,1.3,2.4,4.5,6.5,3.5,5,1,82,0.032093,80.383115,39.4
1,9,1,9,3.4,3.8,4,1.4,4.3,3.4,9.5,0.6,73,0.038174,72.198135,26.1
1,9,1,9,3.4,3.8,4,1.4,4.3,3.4,9.5,0.6,72,0.040438,76.075236,26.1
1,9,1,9,3.4,3.8,4,1.4,4.3,3.4,9.5,0.6,72,0.040993,78.408882,26.1
1,9,1,9,3.4,3.8,4,1.4,4.3,3.4,9.5,0.6,71,0.044294,79.35849,26.1
1,9,1,9,3.4,3.8,4,1.4,4.3,3.4,9.5,0.6,70,0.044962,78.05754,26.1
1,9,1,9,3.4,3.8,4,1.4,4.3,3.4,9.5,0.6,71,0.043413,76.62268,26.1
1,9,1,9,3.4,3.8,4,1.4,4.3,3.4,9.5,0.6,70,0.047179,71.201226,26.1
1,9,1,9,3.4,3.8,4,1.4,4.3,3.4,9.5,0.6,72,0.062629,66.956192,26.1
1,9,1,9,3.4,3.8,4,1.4,4.3,3.4,9.5,0.6,70,0.062322,68.875636,26.1
1,9,1,9,3.4,3.8,4,1.4,4.3,3.4,9.5,0.6,73,0.040026,72.470426,26.1
1,9,1,9,3.4,3.8,4,1.4,4.3,3.4,9.5,0.6,70,0.040215,71.254167,26.1
1,9,1,9,3.4,3.8,4,1.4,4.3,3.4,9.5,0.6,75,0.044917,73.948255,26.1
1,9,1,9,3.4,3.8,4,1.4,4.3,3.4,9.5,0.6,70,0.046515,75.459191,26.1
1,9,1,9,3.4,3.8,4,1.4,4.3,3.4,9.5,0.6,70,0.048891,76.136057,26.1
1,9,1,9,3.4,3.8,4,1.4,4.3,3.4,9.5,0.6,72,0.043363,75.075023,26.1
1,9,1,9,3.4,3.8,4,1.4,4.3,3.4,9.5,0.6,72,0.03776,76.04336,26.1
1,9,1,9,3.4,3.8,4,1.4,4.3,3.4,9.5,0.6,77,0.044227,68.712449,26.1
1,9,1,9,3.4,3.8,4,1.4,4.3,3.4,9.5,0.6,69,0.06224,66.55641,26.1
1,9,1,9,3.4,3.8,4,1.4,4.3,3.4,9.5,0.6,72,0.208562,72.858373,26.1
1,9,1,9,3.4,3.8,4,1.4,4.3,3.4,9.5,0.6,73,0.044947,70.846833,26.1
1,9,1,9,3.4,3.8,4,1.4,4.3,3.4,9.5,0.6,73,0.045453,72.010384,26.1
1,9,1,9,3.4,3.8,4,1.4,4.3,3.4,9.5,0.6,71,0.046623,71.899274,26.1
1,9,1,9,3.4,3.8,4,1.4,4.3,3.4,9.5,0.6,73,0.062958,75.623916,26.1
1,9,1,9,3.4,3.8,4,1.4,4.3,3.4,9.5,0.6,76,0.035866,76.221469,26.1
1,9,1,9,3.4,3.8,4,1.4,4.3,3.4,9.5,0.6,76,0.104477,70.096096,26.1
1,9,1,9,3.4,3.8,4,1.4,4.3,3.4,9.5,0.6,74,0.038564,72.528241,26.1
1,9,1,9,3.4,3.8,4,1.4,4.3,3.4,9.5,0.6,74,0.040686,71.385667,26.1
1,9,1,9,3.4,3.8,4,1.4,4.3,3.4,9.5,0.6,73,0.040667,73.868717,26.1
1,9,1,9,3.4,3.8,4,1.4,4.3,3.4,9.5,0.6,78,0.036592,74.507057,26.1
1,9,1,9,3.4,3.8,4,1.4,4.3,3.4,9.5,0.6,73,0.046578,74.877249,26.1
1,9,1,9,3.4,3.8,4,1.4,4.3,3.4,9.5,0.6,73,0.043012,72.965508,26.1
1,9,1,9,3.4,3.8,4,1.4,4.3,3.4,9.5,0.6,78,0.044479,74.886976,26.1
1,9,1,9,3.4,3.8,4,1.4,4.3,3.4,9.5,0.6,73,0.047956,72.828955,26.1
1,9,1,9,3.4,3.8,4,1.4,4.3,3.4,9.5,0.6,75,0.104787,74.448801,26.1
2,7,5,8,1.5,3.8,3.8,3.5,3.4,2.4,7.5,2,70,0.039786,69.390352,27.6
2,7,5,8,1.5,3.8,3.8,3.5,3.4,2.4,7.5,2,74,0.043904,70.366126,27.6
2,7,5,8,1.5,3.8,3.8,3.5,3.4,2.4,7.5,2,72,0.034822,73.094801,27.6
2,7,5,8,1.5,3.8,3.8,3.5,3.4,2.4,7.5,2,75,0.030439,74.694715,27.6
2,7,5,8,1.5,3.8,3.8,3.5,3.4,2.4,7.5,2,74,0.033978,73.488512,27.6
2,7,5,8,1.5,3.8,3.8,3.5,3.4,2.4,7.5,2,74,0.040201,71.099892,27.6
2,7,5,8,1.5,3.8,3.8,3.5,3.4,2.4,7.5,2,73,0.030558,66.359252,27.6
2,7,5,8,1.5,3.8,3.8,3.5,3.4,2.4,7.5,2,74,0.032785,70.066866,27.6
2,7,5,8,1.5,3.8,3.8,3.5,3.4,2.4,7.5,2,76,0.031177,68.394707,27.6
2,7,5,8,1.5,3.8,3.8,3.5,3.4,2.4,7.5,2,76,0.034023,60.437899,27.6
2,7,5,8,1.5,3.8,3.8,3.5,3.4,2.4,7.5,2,73,0.034194,61.921627,27.6
2,7,5,8,1.5,3.8,3.8,3.5,3.4,2.4,7.5,2,71,0.036183,64.071425,27.6
2,7,5,8,1.5,3.8,3.8,3.5,3.4,2.4,7.5,2,72,0.035395,66.602406,27.6
2,7,5,8,1.5,3.8,3.8,3.5,3.4,2.4,7.5,2,80,0.026806,67.429307,27.6
2,7,5,8,1.5,3.8,3.8,3.5,3.4,2.4,7.5,2,76,0.038412,68.987917,27.6
2,7,5,8,1.5,3.8,3.8,3.5,3.4,2.4,7.5,2,75,0.034327,65.346115,27.6
2,7,5,8,1.5,3.8,3.8,3.5,3.4,2.4,7.5,2,76,0.033755,64.01371,27.6
2,7,5,8,1.5,3.8,3.8,3.5,3.4,2.4,7.5,2,74,0.035366,66.658916,27.6
2,7,5,8,1.5,3.8,3.8,3.5,3.4,2.4,7.5,2,75,0.035337,66.351349,27.6
2,7,5,8,1.5,3.8,3.8,3.5,3.4,2.4,7.5,2,77,0.030453,68.120461,27.6
2,7,5,8,1.5,3.8,3.8,3.5,3.4,2.4,7.5,2,77,0.031581,65.183289,27.6
2,7,5,8,1.5,3.8,3.8,3.5,3.4,2.4,7.5,2,77,0.035006,66.997367,27.6
2,7,5,8,1.5,3.8,3.8,3.5,3.4,2.4,7.5,2,77,0.031424,65.672872,27.6
2,7,5,8,1.5,3.8,3.8,3.5,3.4,2.4,7.5,2,81,0.043998,66.54317,27.6
2,7,8,5,0.9,5.2,6.5,1,9.8,7.9,5.1,4,87,0.03499,119.391844,76.2
2,7,8,5,0.9,5.2,6.5,1,9.8,7.9,5.1,4,88,0.039107,122.700692,76.2
2,7,8,5,0.9,5.2,6.5,1,9.8,7.9,5.1,4,90,0.031483,129.490059,76.2
2,7,8,5,0.9,5.2,6.5,1,9.8,7.9,5.1,4,90,0.046118,132.434401,76.2
2,7,8,5,0.9,5.2,6.5,1,9.8,7.9,5.1,4,96,0.025233,125.897485,76.2
2,7,8,5,0.9,5.2,6.5,1,9.8,7.9,5.1,4,105,0.016838,119.155523,76.2
2,7,8,5,0.9,5.2,6.5,1,9.8,7.9,5.1,4,100,0.054563,122.313243,76.2
2,7,8,5,0.9,5.2,6.5,1,9.8,7.9,5.1,4,107,0.017332,128.875107,76.2
2,7,8,5,0.9,5.2,6.5,1,9.8,7.9,5.1,4,99,0.050246,134.58468,76.2
2,7,8,5,0.9,5.2,6.5,1,9.8,7.9,5.1,4,102,0.094105,129.258755,76.2
2,7,8,5,0.9,5.2,6.5,1,9.8,7.9,5.1,4,105,0.091713,118.821358,76.2
2,7,8,5,0.9,5.2,6.5,1,9.8,7.9,5.1,4,97,0.060174,118.678073,76.2
1,6,6,6,0.6,4.2,7,1.5,7.3,7.5,6.7,2,88,0.038108,147.114384,57.1
1,6,6,6,0.6,4.2,7,1.5,7.3,7.5,6.7,2,87,0.066966,148.242806,57.1
1,6,6,6,0.6,4.2,7,1.5,7.3,7.5,6.7,2,91,0.063834,137.837243,57.1
1,6,6,6,0.6,4.2,7,1.5,7.3,7.5,6.7,2,89,0.041112,147.473805,57.1
1,6,6,6,0.6,4.2,7,1.5,7.3,7.5,6.7,2,92,0.080074,123.751041,57.1
1,6,6,6,0.6,4.2,7,1.5,7.3,7.5,6.7,2,98,0.027813,121.907627,57.1
1,6,6,6,0.6,4.2,7,1.5,7.3,7.5,6.7,2,98,0.028954,117.697682,57.1
1,6,6,6,0.6,4.2,7,1.5,7.3,7.5,6.7,2,100,0.024951,116.107313,57.1
1,6,6,6,0.6,4.2,7,1.5,7.3,7.5,6.7,2,96,0.028685,118.92209,57.1
1,6,6,6,0.6,4.2,7,1.5,7.3,7.5,6.7,2,94,0.047827,127.763739,57.1
1,6,6,6,0.6,4.2,7,1.5,7.3,7.5,6.7,2,96,0.022011,130.218711,57.1
1,6,6,6,0.6,4.2,7,1.5,7.3,7.5,6.7,2,94,0.032891,124.66588,57.1
0,4,6,2,3.9,4.9,4,1.5,4,5.6,3.9,5,73,0.05488,74.502883,53.2
0,4,6,2,3.9,4.9,4,1.5,4,5.6,3.9,5,58,0.093757,119.071484,53.2
0,4,6,2,3.9,4.9,4,1.5,4,5.6,3.9,5,61,0.093913,101.581516,53.2
0,4,6,2,3.9,4.9,4,1.5,4,5.6,3.9,5,58,0.085618,99.552278,53.2
0,4,6,2,3.9,4.9,4,1.5,4,5.6,3.9,5,60,0.06861,95.955522,53.2
0,4,6,2,3.9,4.9,4,1.5,4,5.6,3.9,5,61,0.082053,105.159992,53.2
0,4,6,2,3.9,4.9,4,1.5,4,5.6,3.9,5,60,0.091166,138.284236,53.2
0,4,6,2,3.9,4.9,4,1.5,4,5.6,3.9,5,59,0.091052,126.218662,53.2
0,4,6,2,3.9,4.9,4,1.5,4,5.6,3.9,5,61,0.097206,143.780545,53.2
0,4,6,2,3.9,4.9,4,1.5,4,5.6,3.9,5,60,0.103458,131.329206,53.2
0,4,6,2,3.9,4.9,4,1.5,4,5.6,3.9,5,63,0.080565,125.17915,53.2
2,7,6,5,4.9,8.9,6.6,4.6,8,6.2,8.5,2.6,61,0.121652,158.341077,60.2
2,7,6,5,4.9,8.9,6.6,4.6,8,6.2,8.5,2.6,59,0.089963,176.801976,60.2
2,7,6,5,4.9,8.9,6.6,4.6,8,6.2,8.5,2.6,58,0.19452,221.169894,60.2
2,7,6,5,4.9,8.9,6.6,4.6,8,6.2,8.5,2.6,61,0.147784,221.523205,60.2
0,4,5,5,7,7.9,7,1,8.8,5.5,1.9,6.5,75,0.056179,75.892247,73
0,4,5,5,7,7.9,7,1,8.8,5.5,1.9,6.5,77,0.04458,84.424249,73
0,4,5,5,7,7.9,7,1,8.8,5.5,1.9,6.5,73,0.049949,86.532875,73
0,4,5,5,7,7.9,7,1,8.8,5.5,1.9,6.5,74,0.047436,87.111179,73
0,4,5,5,7,7.9,7,1,8.8,5.5,1.9,6.5,70,0.064416,94.094843,73
0,4,5,5,7,7.9,7,1,8.8,5.5,1.9,6.5,77,0.046129,102.268859,73
0,4,5,5,7,7.9,7,1,8.8,5.5,1.9,6.5,75,0.04434,107.209795,73
0,4,5,5,7,7.9,7,1,8.8,5.5,1.9,6.5,77,0.057932,84.26718,73
0,4,5,5,7,7.9,7,1,8.8,5.5,1.9,6.5,74,0.037546,89.783206,73
0,4,5,5,7,7.9,7,1,8.8,5.5,1.9,6.5,75,0.065787,94.41183,73
0,4,5,5,7,7.9,7,1,8.8,5.5,1.9,6.5,75,0.043185,88.494953,73
0,4,5,5,7,7.9,7,1,8.8,5.5,1.9,6.5,78,0.040267,92.881225,73
0,4,5,5,7,7.9,7,1,8.8,5.5,1.9,6.5,77,0.071964,92.419752,73
0,4,5,5,7,7.9,7,1,8.8,5.5,1.9,6.5,78,0.077769,90.148782,73
0,4,5,5,7,7.9,7,1,8.8,5.5,1.9,6.5,77,0.052979,94.085271,73
0,4,5,5,7,7.9,7,1,8.8,5.5,1.9,6.5,72,0.041117,96.368037,73
0,4,5,5,7,7.9,7,1,8.8,5.5,1.9,6.5,79,0.038864,101.840783,73
0,4,5,5,7,7.9,7,1,8.8,5.5,1.9,6.5,79,0.049155,99.626071,73
0,4,5,5,7,7.9,7,1,8.8,5.5,1.9,6.5,79,0.059951,93.348698,73
0,4,5,5,7,7.9,7,1,8.8,5.5,1.9,6.5,75,0.048136,92.281111,73
0,4,5,5,7,7.9,7,1,8.8,5.5,1.9,6.5,76,0.036122,95.512037,73
0,4,5,5,7,7.9,7,1,8.8,5.5,1.9,6.5,74,0.041927,98.442781,73
0,4,5,5,7,7.9,7,1,8.8,5.5,1.9,6.5,74,0.123411,92.151124,73
0,4,5,5,7,7.9,7,1,8.8,5.5,1.9,6.5,72,0.110142,90.028871,73
2,6,7,7,5.2,9,7,1,8.9,7.5,6.4,2.9,67,0.052305,82.418458,62.6
2,6,7,7,5.2,9,7,1,8.9,7.5,6.4,2.9,68,0.054058,83.873072,62.6
1,6,6,7,2.2,8.6,6.8,1.1,5.7,7.7,6.8,1.8,65,0.043201,91.141181,51.2
1,6,6,7,2.2,8.6,6.8,1.1,5.7,7.7,6.8,1.8,68,0.061084,94.150347,51.2
1,6,6,7,2.2,8.6,6.8,1.1,5.7,7.7,6.8,1.8,72,0.065924,90.490132,51.2
1,6,6,7,2.2,8.6,6.8,1.1,5.7,7.7,6.8,1.8,80,0.096635,88.702193,51.2
1,6,6,7,2.2,8.6,6.8,1.1,5.7,7.7,6.8,1.8,69,0.048663,86.94053,51.2
1,6,6,7,2.2,8.6,6.8,1.1,5.7,7.7,6.8,1.8,71,0.055854,88.084052,51.2
1,6,6,7,2.2,8.6,6.8,1.1,5.7,7.7,6.8,1.8,67,0.109314,95.833962,51.2
1,6,6,7,2.2,8.6,6.8,1.1,5.7,7.7,6.8,1.8,67,0.122153,96.962119,51.2
1,6,6,7,2.2,8.6,6.8,1.1,5.7,7.7,6.8,1.8,67,0.058086,91.134873,51.2
1,6,6,7,2.2,8.6,6.8,1.1,5.7,7.7,6.8,1.8,68,0.059981,94.756426,51.2
1,6,6,7,2.2,8.6,6.8,1.1,5.7,7.7,6.8,1.8,70,0.049161,93.968277,51.2
1,6,6,7,2.2,8.6,6.8,1.1,5.7,7.7,6.8,1.8,66,0.059644,87.286603,51.2
1,6,6,7,2.2,8.6,6.8,1.1,5.7,7.7,6.8,1.8,67,0.062513,92.534366,51.2
1,6,6,7,2.2,8.6,6.8,1.1,5.7,7.7,6.8,1.8,63,0.066721,92.923889,51.2
1,6,6,7,2.2,8.6,6.8,1.1,5.7,7.7,6.8,1.8,66,0.058178,92.852346,51.2
1,6,6,7,2.2,8.6,6.8,1.1,5.7,7.7,6.8,1.8,67,0.055187,92.103566,51.2
1,6,6,7,2.2,8.6,6.8,1.1,5.7,7.7,6.8,1.8,67,0.054409,91.403568,51.2
1,6,6,7,2.2,8.6,6.8,1.1,5.7,7.7,6.8,1.8,70,0.06056,90.458551,51.2
1,6,6,7,2.2,8.6,6.8,1.1,5.7,7.7,6.8,1.8,73,0.049943,87.968723,51.2
0,3,6,3,3.2,4.4,3.3,0.3,2.7,1.9,0.3,0.3,65,0.065543,80.812455,47
0,3,6,3,3.2,4.4,3.3,0.3,2.7,1.9,0.3,0.3,68,0.052942,92.526292,47
0,3,6,3,3.2,4.4,3.3,0.3,2.7,1.9,0.3,0.3,65,0.069763,105.611058,47
0,3,6,3,3.2,4.4,3.3,0.3,2.7,1.9,0.3,0.3,70,0.049614,123.859671,47
0,3,6,3,3.2,4.4,3.3,0.3,2.7,1.9,0.3,0.3,64,0.056302,68.836633,47
0,3,6,3,3.2,4.4,3.3,0.3,2.7,1.9,0.3,0.3,68,0.065196,79.346202,47
0,3,6,3,3.2,4.4,3.3,0.3,2.7,1.9,0.3,0.3,65,0.053918,92.893509,47
0,3,6,3,3.2,4.4,3.3,0.3,2.7,1.9,0.3,0.3,65,0.061061,93.127388,47
0,3,6,3,3.2,4.4,3.3,0.3,2.7,1.9,0.3,0.3,65,0.069392,78.263616,47
0,3,6,3,3.2,4.4,3.3,0.3,2.7,1.9,0.3,0.3,71,0.080205,77.513818,47
0,3,6,3,3.2,4.4,3.3,0.3,2.7,1.9,0.3,0.3,68,0.117961,93.723245,47
0,3,6,3,3.2,4.4,3.3,0.3,2.7,1.9,0.3,0.3,69,0.038525,88.900364,47
0,3,6,3,3.2,4.4,3.3,0.3,2.7,1.9,0.3,0.3,68,0.051815,80.305134,47
0,3,6,3,3.2,4.4,3.3,0.3,2.7,1.9,0.3,0.3,73,0.036736,96.07382,47
0,3,6,3,3.2,4.4,3.3,0.3,2.7,1.9,0.3,0.3,65,0.050299,89.063533,47
0,3,6,3,3.2,4.4,3.3,0.3,2.7,1.9,0.3,0.3,67,0.046603,98.904253,47
0,3,6,3,3.2,4.4,3.3,0.3,2.7,1.9,0.3,0.3,66,0.041557,113.770348,47
0,3,6,3,3.2,4.4,3.3,0.3,2.7,1.9,0.3,0.3,61,0.097705,79.700754,47
0,3,6,3,3.2,4.4,3.3,0.3,2.7,1.9,0.3,0.3,69,0.122023,69.223335,47
0,3,6,3,3.2,4.4,3.3,0.3,2.7,1.9,0.3,0.3,70,0.032908,81.928113,47
0,3,6,3,3.2,4.4,3.3,0.3,2.7,1.9,0.3,0.3,65,0.053557,92.752576,47
0,3,6,3,3.2,4.4,3.3,0.3,2.7,1.9,0.3,0.3,65,0.051766,100.799727,47
0,3,6,3,3.2,4.4,3.3,0.3,2.7,1.9,0.3,0.3,66,0.048691,99.658199,47
1,8,7,6,1.3,5.6,4.2,0.3,6.3,3.4,6.1,3.4,61,0.101707,76.087774,47.1
1,8,7,6,1.3,5.6,4.2,0.3,6.3,3.4,6.1,3.4,60,0.099839,92.785614,47.1
1,8,7,6,1.3,5.6,4.2,0.3,6.3,3.4,6.1,3.4,63,0.081798,94.529297,47.1
1,8,7,6,1.3,5.6,4.2,0.3,6.3,3.4,6.1,3.4,62,0.096348,103.406948,47.1
1,8,7,6,1.3,5.6,4.2,0.3,6.3,3.4,6.1,3.4,70,0.058878,97.478066,47.1
1,8,7,6,1.3,5.6,4.2,0.3,6.3,3.4,6.1,3.4,67,0.081391,103.914843,47.1
1,8,7,6,1.3,5.6,4.2,0.3,6.3,3.4,6.1,3.4,63,0.069097,99.452808,47.1
1,8,7,6,1.3,5.6,4.2,0.3,6.3,3.4,6.1,3.4,63,0.081967,92.450467,47.1
1,8,7,6,1.3,5.6,4.2,0.3,6.3,3.4,6.1,3.4,68,0.109804,117.19222,47.1
1,8,7,6,1.3,5.6,4.2,0.3,6.3,3.4,6.1,3.4,57,0.10874,113.113268,47.1
1,8,7,6,1.3,5.6,4.2,0.3,6.3,3.4,6.1,3.4,60,0.082249,100.963635,47.1
1,8,7,6,1.3,5.6,4.2,0.3,6.3,3.4,6.1,3.4,61,0.07351,93.518794,47.1
1,8,7,6,1.3,5.6,4.2,0.3,6.3,3.4,6.1,3.4,65,0.103112,118.163525,47.1
1,8,7,6,1.3,5.6,4.2,0.3,6.3,3.4,6.1,3.4,65,0.073584,103.267032,47.1
1,8,7,6,1.3,5.6,4.2,0.3,6.3,3.4,6.1,3.4,60,0.117253,101.178025,47.1
1,8,7,6,1.3,5.6,4.2,0.3,6.3,3.4,6.1,3.4,58,0.099255,110.48781,47.1
1,8,7,6,1.3,5.6,4.2,0.3,6.3,3.4,6.1,3.4,61,0.084634,106.107655,47.1
1,8,7,6,1.3,5.6,4.2,0.3,6.3,3.4,6.1,3.4,65,0.057173,102.219191,47.1
1,8,7,6,1.3,5.6,4.2,0.3,6.3,3.4,6.1,3.4,65,0.06093,117.665313,47.1
1,8,7,6,1.3,5.6,4.2,0.3,6.3,3.4,6.1,3.4,61,0.094888,105.581208,47.1
1,8,7,6,1.3,5.6,4.2,0.3,6.3,3.4,6.1,3.4,64,0.07705,104.147409,47.1
1,8,7,6,1.3,5.6,4.2,0.3,6.3,3.4,6.1,3.4,65,0.084365,95.110372,47.1
1,8,7,6,1.3,5.6,4.2,0.3,6.3,3.4,6.1,3.4,62,0.09881,100.520854,47.1
1,8,7,6,1.3,5.6,4.2,0.3,6.3,3.4,6.1,3.4,61,0.092962,90.957326,47.1
1,8,7,6,1.3,5.6,4.2,0.3,6.3,3.4,6.1,3.4,60,0.105746,98.054028,47.1
1,8,7,6,1.3,5.6,4.2,0.3,6.3,3.4,6.1,3.4,63,0.067306,89.2297,47.1
1,8,7,6,1.3,5.6,4.2,0.3,6.3,3.4,6.1,3.4,59,0.077742,90.668453,47.1
1,8,7,6,1.3,5.6,4.2,0.3,6.3,3.4,6.1,3.4,64,0.072794,96.434338,47.1
2,8,7,7,3.1,4.5,3.3,0.2,6.3,5.3,6.7,3.2,61,0.074137,109.634178,48.9
2,8,7,7,3.1,4.5,3.3,0.2,6.3,5.3,6.7,3.2,60,0.095576,119.029681,48.9
2,8,7,7,3.1,4.5,3.3,0.2,6.3,5.3,6.7,3.2,62,0.132376,108.645859,48.9
2,8,7,7,3.1,4.5,3.3,0.2,6.3,5.3,6.7,3.2,61,0.081693,105.472008,48.9
2,8,7,7,3.1,4.5,3.3,0.2,6.3,5.3,6.7,3.2,62,0.084474,107.005863,48.9
2,8,7,7,3.1,4.5,3.3,0.2,6.3,5.3,6.7,3.2,59,0.100127,101.487042,48.9
2,8,7,7,3.1,4.5,3.3,0.2,6.3,5.3,6.7,3.2,60,0.091655,104.018889,48.9
2,8,7,7,3.1,4.5,3.3,0.2,6.3,5.3,6.7,3.2,62,0.078929,118.073435,48.9
2,8,7,7,3.1,4.5,3.3,0.2,6.3,5.3,6.7,3.2,60,0.083071,111.725807,48.9
2,8,7,7,3.1,4.5,3.3,0.2,6.3,5.3,6.7,3.2,61,0.176343,118.938893,48.9
2,8,7,7,3.1,4.5,3.3,0.2,6.3,5.3,6.7,3.2,59,0.078385,110.556752,48.9
2,8,7,7,3.1,4.5,3.3,0.2,6.3,5.3,6.7,3.2,62,0.086669,109.839425,48.9
2,8,7,7,3.1,4.5,3.3,0.2,6.3,5.3,6.7,3.2,62,0.190492,99.448348,48.9
2,8,7,7,3.1,4.5,3.3,0.2,6.3,5.3,6.7,3.2,58,0.121922,105.129041,48.9
2,8,7,7,3.1,4.5,3.3,0.2,6.3,5.3,6.7,3.2,65,0.215398,106.308997,48.9
2,8,7,7,3.1,4.5,3.3,0.2,6.3,5.3,6.7,3.2,65,0.064297,104.057374,48.9
2,8,7,7,3.1,4.5,3.3,0.2,6.3,5.3,6.7,3.2,59,0.055611,95.288178,48.9
2,8,7,7,3.1,4.5,3.3,0.2,6.3,5.3,6.7,3.2,64,0.057338,99.40144,48.9
2,8,7,7,3.1,4.5,3.3,0.2,6.3,5.3,6.7,3.2,65,0.070206,103.249639,48.9
0,8,6,7,3.8,3.9,5.8,2.2,6.8,6.7,2.8,1.7,70,0.060906,172.629347,68.3
0,8,6,7,3.8,3.9,5.8,2.2,6.8,6.7,2.8,1.7,77,0.032799,167.200371,68.3
0,8,6,7,3.8,3.9,5.8,2.2,6.8,6.7,2.8,1.7,73,0.034216,139.502605,68.3
0,8,6,7,3.8,3.9,5.8,2.2,6.8,6.7,2.8,1.7,74,0.033504,230.101232,68.3
0,8,6,7,3.8,3.9,5.8,2.2,6.8,6.7,2.8,1.7,74,0.036519,229.154371,68.3
0,8,6,7,3.8,3.9,5.8,2.2,6.8,6.7,2.8,1.7,75,0.041559,209.773069,68.3
0,8,6,7,3.8,3.9,5.8,2.2,6.8,6.7,2.8,1.7,73,0.076903,254.569056,68.3
0,8,6,7,3.8,3.9,5.8,2.2,6.8,6.7,2.8,1.7,81,0.024181,175.044571,68.3
0,8,6,7,3.8,3.9,5.8,2.2,6.8,6.7,2.8,1.7,80,0.021843,153.354056,68.3
0,8,6,7,3.8,3.9,5.8,2.2,6.8,6.7,2.8,1.7,78,0.042002,147.553765,68.3
0,8,6,7,3.8,3.9,5.8,2.2,6.8,6.7,2.8,1.7,78,0.035388,143.164389,68.3
0,8,6,7,3.8,3.9,5.8,2.2,6.8,6.7,2.8,1.7,76,0.058327,151.391771,68.3
0,8,6,7,3.8,3.9,5.8,2.2,6.8,6.7,2.8,1.7,77,0.027916,144.043742,68.3
0,8,6,7,3.8,3.9,5.8,2.2,6.8,6.7,2.8,1.7,80,0.039038,146.629641,68.3
0,8,6,7,3.8,3.9,5.8,2.2,6.8,6.7,2.8,1.7,77,0.052471,143.394619,68.3
0,8,6,7,3.8,3.9,5.8,2.2,6.8,6.7,2.8,1.7,78,0.045079,190.167722,68.3
0,8,6,7,3.8,3.9,5.8,2.2,6.8,6.7,2.8,1.7,76,0.048236,143.369091,68.3
0,8,6,7,3.8,3.9,5.8,2.2,6.8,6.7,2.8,1.7,78,0.053846,165.22899,68.3
0,8,6,7,3.8,3.9,5.8,2.2,6.8,6.7,2.8,1.7,76,0.054342,174.489208,68.3
0,8,6,7,3.8,3.9,5.8,2.2,6.8,6.7,2.8,1.7,72,0.059919,206.599734,68.3
2,7,7,8,1.3,3.1,1.7,3.7,7.3,6.2,7.7,1.8,71,0.046735,141.850117,44.1
2,7,7,8,1.3,3.1,1.7,3.7,7.3,6.2,7.7,1.8,71,0.033747,153.14615,44.1
2,7,7,8,1.3,3.1,1.7,3.7,7.3,6.2,7.7,1.8,72,0.039214,146.494673,44.1
2,7,7,8,1.3,3.1,1.7,3.7,7.3,6.2,7.7,1.8,72,0.033717,145.58647,44.1
2,7,7,8,1.3,3.1,1.7,3.7,7.3,6.2,7.7,1.8,74,0.042529,137.987973,44.1
2,7,7,8,1.3,3.1,1.7,3.7,7.3,6.2,7.7,1.8,76,0.03063,143.183859,44.1
2,7,7,8,1.3,3.1,1.7,3.7,7.3,6.2,7.7,1.8,75,0.053613,147.424062,44.1
2,7,7,8,1.3,3.1,1.7,3.7,7.3,6.2,7.7,1.8,75,0.028202,145.564114,44.1
2,7,7,8,1.3,3.1,1.7,3.7,7.3,6.2,7.7,1.8,79,0.036399,138.09206,44.1
2,7,7,8,1.3,3.1,1.7,3.7,7.3,6.2,7.7,1.8,74,0.04341,138.137092,44.1
2,7,7,8,1.3,3.1,1.7,3.7,7.3,6.2,7.7,1.8,73,0.038867,135.860535,44.1
2,7,7,8,1.3,3.1,1.7,3.7,7.3,6.2,7.7,1.8,77,0.043543,137.852466,44.1
2,7,7,8,1.3,3.1,1.7,3.7,7.3,6.2,7.7,1.8,73,0.040599,147.095186,44.1
2,7,7,8,1.3,3.1,1.7,3.7,7.3,6.2,7.7,1.8,74,0.033882,155.398657,44.1
2,7,7,8,1.3,3.1,1.7,3.7,7.3,6.2,7.7,1.8,76,0.036365,154.227272,44.1
2,7,7,8,1.3,3.1,1.7,3.7,7.3,6.2,7.7,1.8,76,0.039298,159.858452,44.1
2,7,7,8,1.3,3.1,1.7,3.7,7.3,6.2,7.7,1.8,75,0.04753,140.958442,44.1
2,7,7,8,1.3,3.1,1.7,3.7,7.3,6.2,7.7,1.8,78,0.027886,144.429726,44.1
2,7,7,8,1.3,3.1,1.7,3.7,7.3,6.2,7.7,1.8,82,0.041894,142.139347,44.1
2,7,7,8,1.3,3.1,1.7,3.7,7.3,6.2,7.7,1.8,76,0.045151,136.764875,44.1
2,7,7,8,1.3,3.1,1.7,3.7,7.3,6.2,7.7,1.8,79,0.044958,153.454322,44.1
2,7,7,8,1.3,3.1,1.7,3.7,7.3,6.2,7.7,1.8,72,0.038573,154.063938,44.1
2,7,7,8,1.3,3.1,1.7,3.7,7.3,6.2,7.7,1.8,76,0.040799,165.558778,44.1
2,7,7,8,1.3,3.1,1.7,3.7,7.3,6.2,7.7,1.8,75,0.0359,164.475479,44.1
2,7,7,8,1.3,3.1,1.7,3.7,7.3,6.2,7.7,1.8,81,0.025586,161.73909,44.1
1,7,6,7,2.9,4.2,3.3,2.7,4.5,3.9,8.1,1.3,66,0.06171,198.4936,34.8
1,7,6,7,2.9,4.2,3.3,2.7,4.5,3.9,8.1,1.3,66,0.088173,314.72165,34.8
1,7,6,7,2.9,4.2,3.3,2.7,4.5,3.9,8.1,1.3,67,0.068514,235.184588,34.8
1,7,6,7,2.9,4.2,3.3,2.7,4.5,3.9,8.1,1.3,71,0.041661,418.417804,34.8
1,7,6,7,2.9,4.2,3.3,2.7,4.5,3.9,8.1,1.3,68,0.046237,223.889218,34.8
1,7,6,7,2.9,4.2,3.3,2.7,4.5,3.9,8.1,1.3,67,0.044445,202.735554,34.8
1,7,6,7,2.9,4.2,3.3,2.7,4.5,3.9,8.1,1.3,68,0.052102,179.099439,34.8
1,7,6,7,2.9,4.2,3.3,2.7,4.5,3.9,8.1,1.3,72,0.035292,174.266357,34.8
1,7,6,7,2.9,4.2,3.3,2.7,4.5,3.9,8.1,1.3,72,0.053412,160.059119,34.8
1,7,6,7,2.9,4.2,3.3,2.7,4.5,3.9,8.1,1.3,72,0.036475,163.065518,34.8
1,7,6,7,2.9,4.2,3.3,2.7,4.5,3.9,8.1,1.3,72,0.04367,179.866894,34.8
1,7,6,7,2.9,4.2,3.3,2.7,4.5,3.9,8.1,1.3,70,0.045175,177.755469,34.8
1,7,6,7,2.9,4.2,3.3,2.7,4.5,3.9,8.1,1.3,75,0.036612,175.705588,34.8
1,7,6,7,2.9,4.2,3.3,2.7,4.5,3.9,8.1,1.3,72,0.032848,146.248833,34.8
1,7,6,7,2.9,4.2,3.3,2.7,4.5,3.9,8.1,1.3,69,0.040263,148.150252,34.8
1,7,6,7,2.9,4.2,3.3,2.7,4.5,3.9,8.1,1.3,74,0.045684,154.919078,34.8
1,7,6,7,2.9,4.2,3.3,2.7,4.5,3.9,8.1,1.3,69,0.057498,163.643238,34.8
1,7,6,7,2.9,4.2,3.3,2.7,4.5,3.9,8.1,1.3,72,0.040385,219.056481,34.8
1,7,6,7,2.9,4.2,3.3,2.7,4.5,3.9,8.1,1.3,70,0.050752,199.233978,34.8
1,7,6,7,2.9,4.2,3.3,2.7,4.5,3.9,8.1,1.3,68,0.049196,141.147816,34.8
1,7,6,7,2.9,4.2,3.3,2.7,4.5,3.9,8.1,1.3,71,0.041272,140.758095,34.8
1,7,6,7,2.9,4.2,3.3,2.7,4.5,3.9,8.1,1.3,69,0.046331,154.044682,34.8
1,7,6,7,2.9,4.2,3.3,2.7,4.5,3.9,8.1,1.3,66,0.036389,172.889564,34.8
1,7,6,7,2.9,4.2,3.3,2.7,4.5,3.9,8.1,1.3,69,0.035644,191.705321,34.8
1,7,6,7,2.9,4.2,3.3,2.7,4.5,3.9,8.1,1.3,71,0.042604,157.726592,34.8
1,7,6,7,2.9,4.2,3.3,2.7,4.5,3.9,8.1,1.3,71,0.044464,161.589938,34.8
1,7,6,7,2.9,4.2,3.3,2.7,4.5,3.9,8.1,1.3,69,0.041939,149.910179,34.8
1,7,6,7,2.9,4.2,3.3,2.7,4.5,3.9,8.1,1.3,71,0.038636,161.349688,34.8
1,7,6,7,2.9,4.2,3.3,2.7,4.5,3.9,8.1,1.3,70,0.098124,176.648618,34.8
1,7,6,7,2.9,4.2,3.3,2.7,4.5,3.9,8.1,1.3,67,0.061749,194.782464,34.8
1,7,6,7,2.9,4.2,3.3,2.7,4.5,3.9,8.1,1.3,68,0.046197,152.916796,34.8
1,7,6,7,2.9,4.2,3.3,2.7,4.5,3.9,8.1,1.3,69,0.049788,159.229387,34.8
1,7,6,7,2.9,4.2,3.3,2.7,4.5,3.9,8.1,1.3,74,0.039104,161.629015,34.8
1,7,6,7,2.9,4.2,3.3,2.7,4.5,3.9,8.1,1.3,67,0.049227,158.479041,34.8
1,7,6,7,2.9,4.2,3.3,2.7,4.5,3.9,8.1,1.3,72,0.046435,145.898737,34.8
1,7,6,7,2.9,4.2,3.3,2.7,4.5,3.9,8.1,1.3,71,0.062377,159.309574,34.8
1,7,6,7,2.9,4.2,3.3,2.7,4.5,3.9,8.1,1.3,70,0.036604,157.3843,34.8
1,7,6,7,2.9,4.2,3.3,2.7,4.5,3.9,8.1,1.3,69,0.050163,150.521946,34.8
1,7,6,7,2.9,4.2,3.3,2.7,4.5,3.9,8.1,1.3,72,0.096902,166.444968,34.8
1,7,6,7,2.9,4.2,3.3,2.7,4.5,3.9,8.1,1.3,69,0.038895,179.876516,34.8
1,7,6,7,2.9,4.2,3.3,2.7,4.5,3.9,8.1,1.3,71,0.059589,165.158533,34.8
1,7,6,7,2.9,4.2,3.3,2.7,4.5,3.9,8.1,1.3,66,0.069719,401.767791,34.8
0,4,5,4,2.4,3.8,3.7,0.2,7.7,4.8,3.3,6.1,75,0.061703,813.287863,62.3
0,4,5,4,2.4,3.8,3.7,0.2,7.7,4.8,3.3,6.1,77,0.128189,1014.516632,62.3
0,4,5,4,2.4,3.8,3.7,0.2,7.7,4.8,3.3,6.1,77,0.059037,918.839918,62.3
0,4,5,4,2.4,3.8,3.7,0.2,7.7,4.8,3.3,6.1,73,0.08122,970.335189,62.3
0,4,5,4,2.4,3.8,3.7,0.2,7.7,4.8,3.3,6.1,78,0.123912,1037.796732,62.3
2,7,6,4,2.8,8,6.2,0.2,8.2,6.8,7.3,4.9,64,0.054596,993.575164,57.3
2,7,6,4,2.8,8,6.2,0.2,8.2,6.8,7.3,4.9,68,0.052164,1002.829089,57.3
2,7,6,4,2.8,8,6.2,0.2,8.2,6.8,7.3,4.9,67,0.059448,956.750037,57.3
2,7,6,4,2.8,8,6.2,0.2,8.2,6.8,7.3,4.9,66,0.047998,807.93363,57.3
2,7,6,4,2.8,8,6.2,0.2,8.2,6.8,7.3,4.9,65,0.046221,767.309105,57.3
2,7,6,4,2.8,8,6.2,0.2,8.2,6.8,7.3,4.9,67,0.054809,823.51996,57.3
2,7,6,4,2.8,8,6.2,0.2,8.2,6.8,7.3,4.9,63,0.054378,791.353477,57.3
1,4,5,7,3.3,7.2,5.3,1.3,7.7,8.2,3.8,3.7,69,0.300482,859.114885,71.2
1,4,5,7,3.3,7.2,5.3,1.3,7.7,8.2,3.8,3.7,67,0.152193,910.096794,71.2
1,4,5,7,3.3,7.2,5.3,1.3,7.7,8.2,3.8,3.7,72,0.042926,1020.018023,71.2
1,4,5,7,3.3,7.2,5.3,1.3,7.7,8.2,3.8,3.7,70,0.044837,992.62669,71.2
1,4,5,7,3.3,7.2,5.3,1.3,7.7,8.2,3.8,3.7,67,0.04351,956.88907,71.2
1,4,5,7,3.3,7.2,5.3,1.3,7.7,8.2,3.8,3.7,64,0.0717,841.955957,71.2
1,4,5,7,3.3,7.2,5.3,1.3,7.7,8.2,3.8,3.7,63,0.050057,651.550621,71.2
1,4,5,7,3.3,7.2,5.3,1.3,7.7,8.2,3.8,3.7,66,0.055319,676.402611,71.2
1,4,5,7,3.3,7.2,5.3,1.3,7.7,8.2,3.8,3.7,64,0.065177,654.114714,71.2
1,4,5,7,3.3,7.2,5.3,1.3,7.7,8.2,3.8,3.7,62,0,735,71.2
1,4,5,7,3.3,7.2,5.3,1.3,7.7,8.2,3.8,3.7,61,0.217927,889.017476,71.2
1,4,5,7,3.3,7.2,5.3,1.3,7.7,8.2,3.8,3.7,63,0.179647,788.135407,71.2
1,4,5,7,3.3,7.2,5.3,1.3,7.7,8.2,3.8,3.7,64,0.185283,898.744397,71.2
1,4,5,7,3.3,7.2,5.3,1.3,7.7,8.2,3.8,3.7,65,0.055751,945.757027,71.2
0,6,4,4,2.8,7.2,7,1,8,6.9,2.8,7.5,68,0.047916,106.215068,72.3
0,6,4,4,2.8,7.2,7,1,8,6.9,2.8,7.5,73,0.04806,111.604428,72.3
0,6,4,4,2.8,7.2,7,1,8,6.9,2.8,7.5,67,0.115511,95.465001,72.3
0,6,4,4,2.8,7.2,7,1,8,6.9,2.8,7.5,70,0.061185,95.27261,72.3
0,6,4,4,2.8,7.2,7,1,8,6.9,2.8,7.5,66,0.057286,95.91314,72.3
0,6,4,4,2.8,7.2,7,1,8,6.9,2.8,7.5,73,0.039635,99.864756,72.3
0,6,4,4,2.8,7.2,7,1,8,6.9,2.8,7.5,73,0.107802,99.740541,72.3
0,6,4,4,2.8,7.2,7,1,8,6.9,2.8,7.5,71,0.038211,93.642525,72.3
0,6,4,4,2.8,7.2,7,1,8,6.9,2.8,7.5,71,0.03645,96.153542,72.3
0,6,4,4,2.8,7.2,7,1,8,6.9,2.8,7.5,70,0.038596,103.566338,72.3
0,6,4,4,2.8,7.2,7,1,8,6.9,2.8,7.5,72,0.160242,88.05036,72.3
0,6,4,4,2.8,7.2,7,1,8,6.9,2.8,7.5,68,0.050434,86.378065,72.3
0,6,4,4,2.8,7.2,7,1,8,6.9,2.8,7.5,69,0.045015,91.026062,72.3
0,6,4,4,2.8,7.2,7,1,8,6.9,2.8,7.5,70,0.048141,86.970636,72.3
0,6,4,4,2.8,7.2,7,1,8,6.9,2.8,7.5,72,0.039474,87.40496,72.3
0,6,4,4,2.8,7.2,7,1,8,6.9,2.8,7.5,71,0.042764,87.689033,72.3
0,6,4,4,2.8,7.2,7,1,8,6.9,2.8,7.5,71,0.036342,89.795205,72.3
0,6,4,4,2.8,7.2,7,1,8,6.9,2.8,7.5,71,0.093816,89.207586,72.3
0,6,4,4,2.8,7.2,7,1,8,6.9,2.8,7.5,71,0.165225,88.825538,72.3
0,6,4,4,2.8,7.2,7,1,8,6.9,2.8,7.5,71,0.051479,91.670052,72.3
0,6,4,4,2.8,7.2,7,1,8,6.9,2.8,7.5,70,0.038032,88.357924,72.3
0,6,4,4,2.8,7.2,7,1,8,6.9,2.8,7.5,70,0.046761,90.147707,72.3
0,6,4,4,2.8,7.2,7,1,8,6.9,2.8,7.5,67,0.099819,94.439401,72.3
0,6,4,4,2.8,7.2,7,1,8,6.9,2.8,7.5,70,0.039847,94.150023,72.3
0,6,4,4,2.8,7.2,7,1,8,6.9,2.8,7.5,71,0.042789,94.003443,72.3
0,6,4,4,2.8,7.2,7,1,8,6.9,2.8,7.5,71,0.084099,91.344993,72.3
2,3,3,4,0.7,5.3,4,3,7,7,2,2,62,0.091866,123.407435,61
2,3,3,4,0.7,5.3,4,3,7,7,2,2,64,0.084255,126.604151,61
2,3,3,4,0.7,5.3,4,3,7,7,2,2,65,0.069123,128.490478,61
2,3,3,4,0.7,5.3,4,3,7,7,2,2,66,0.074911,134.452256,61
2,3,3,4,0.7,5.3,4,3,7,7,2,2,63,0.078162,127.442817,61
2,3,3,4,0.7,5.3,4,3,7,7,2,2,63,0.079581,119.929514,61
2,3,3,4,0.7,5.3,4,3,7,7,2,2,63,0.093727,119.883762,61
2,3,3,4,0.7,5.3,4,3,7,7,2,2,64,0.098756,111.270538,61
2,3,3,4,0.7,5.3,4,3,7,7,2,2,59,0.10853,112.485645,61
2,3,3,4,0.7,5.3,4,3,7,7,2,2,64,0.094138,107.099593,61
2,3,3,4,0.7,5.3,4,3,7,7,2,2,61,0.107459,125.057885,61
2,3,3,4,0.7,5.3,4,3,7,7,2,2,69,0.078715,113.097822,61
2,3,3,4,0.7,5.3,4,3,7,7,2,2,63,0.103922,115.706807,61
2,3,3,4,0.7,5.3,4,3,7,7,2,2,64,0.086774,122.938144,61
2,3,3,4,0.7,5.3,4,3,7,7,2,2,65,0.097842,111.766654,61
2,3,3,4,0.7,5.3,4,3,7,7,2,2,62,0.102298,123.873634,61
0,5,3,7,4.2,7.2,6.3,3.7,3.3,5.8,7.7,6.3,78,0.03741,141.967059,46
0,5,3,7,4.2,7.2,6.3,3.7,3.3,5.8,7.7,6.3,82,0.028708,135.71752,46
0,5,3,7,4.2,7.2,6.3,3.7,3.3,5.8,7.7,6.3,79,0.034423,145.814359,46
0,5,3,7,4.2,7.2,6.3,3.7,3.3,5.8,7.7,6.3,82,0.02567,149.454918,46
0,5,3,7,4.2,7.2,6.3,3.7,3.3,5.8,7.7,6.3,82,0.029187,183.156798,46
0,5,3,7,4.2,7.2,6.3,3.7,3.3,5.8,7.7,6.3,85,0.024127,199.25826,46
0,5,3,7,4.2,7.2,6.3,3.7,3.3,5.8,7.7,6.3,84,0.024607,205.87926,46
0,5,3,7,4.2,7.2,6.3,3.7,3.3,5.8,7.7,6.3,83,0.029703,202.577875,46
0,5,3,7,4.2,7.2,6.3,3.7,3.3,5.8,7.7,6.3,79,0.030219,204.881813,46
0,5,3,7,4.2,7.2,6.3,3.7,3.3,5.8,7.7,6.3,83,0.027492,194.642473,46
0,5,3,7,4.2,7.2,6.3,3.7,3.3,5.8,7.7,6.3,82,0.021399,209.820653,46
0,5,3,7,4.2,7.2,6.3,3.7,3.3,5.8,7.7,6.3,83,0.027594,217.890365,46
0,5,3,7,4.2,7.2,6.3,3.7,3.3,5.8,7.7,6.3,84,0.022173,199.270273,46
0,5,3,7,4.2,7.2,6.3,3.7,3.3,5.8,7.7,6.3,84,0.023929,202.309329,46
0,5,3,7,4.2,7.2,6.3,3.7,3.3,5.8,7.7,6.3,83,0.025815,211.135773,46
0,5,3,7,4.2,7.2,6.3,3.7,3.3,5.8,7.7,6.3,82,0.022707,193.261171,46
0,5,3,7,4.2,7.2,6.3,3.7,3.3,5.8,7.7,6.3,86,0.027232,204.623235,46
0,5,3,7,4.2,7.2,6.3,3.7,3.3,5.8,7.7,6.3,84,0.029201,215.825838,46
0,5,3,7,4.2,7.2,6.3,3.7,3.3,5.8,7.7,6.3,84,0.021289,227.826945,46
0,5,3,7,4.2,7.2,6.3,3.7,3.3,5.8,7.7,6.3,87,0.025113,242.09908,46
0,5,3,7,4.2,7.2,6.3,3.7,3.3,5.8,7.7,6.3,83,0.025227,257.582216,46
0,5,3,7,4.2,7.2,6.3,3.7,3.3,5.8,7.7,6.3,88,0.024085,270.591838,46
0,5,3,7,4.2,7.2,6.3,3.7,3.3,5.8,7.7,6.3,84,0.026479,271.052106,46
0,5,3,7,4.2,7.2,6.3,3.7,3.3,5.8,7.7,6.3,83,0.027936,200.825992,46
0,5,3,7,4.2,7.2,6.3,3.7,3.3,5.8,7.7,6.3,81,0.028453,216.373439,46
0,5,3,7,4.2,7.2,6.3,3.7,3.3,5.8,7.7,6.3,81,0.028491,232.933382,46
0,5,3,7,4.2,7.2,6.3,3.7,3.3,5.8,7.7,6.3,84,0.027244,245.742684,46
0,5,3,7,4.2,7.2,6.3,3.7,3.3,5.8,7.7,6.3,83,0.027221,259.152222,46
0,5,3,7,4.2,7.2,6.3,3.7,3.3,5.8,7.7,6.3,85,0.027048,270.879577,46
0,5,3,7,4.2,7.2,6.3,3.7,3.3,5.8,7.7,6.3,81,0.031876,291.75326,46
0,5,3,7,4.2,7.2,6.3,3.7,3.3,5.8,7.7,6.3,81,0.027424,294.877551,46
0,5,3,7,4.2,7.2,6.3,3.7,3.3,5.8,7.7,6.3,83,0.02734,318.863843,46
0,5,3,7,4.2,7.2,6.3,3.7,3.3,5.8,7.7,6.3,82,0.03008,329.107476,46
0,5,3,7,4.2,7.2,6.3,3.7,3.3,5.8,7.7,6.3,84,0.029518,337.765112,46
0,5,3,7,4.2,7.2,6.3,3.7,3.3,5.8,7.7,6.3,84,0.02637,329.223791,46
0,5,3,7,4.2,7.2,6.3,3.7,3.3,5.8,7.7,6.3,80,0.029823,263.057018,46
0,5,3,7,4.2,7.2,6.3,3.7,3.3,5.8,7.7,6.3,83,0.027104,241.488955,46
0,5,3,7,4.2,7.2,6.3,3.7,3.3,5.8,7.7,6.3,83,0.027865,208.791019,46
0,5,3,7,4.2,7.2,6.3,3.7,3.3,5.8,7.7,6.3,80,0.0293,238.69133,46
0,5,3,7,4.2,7.2,6.3,3.7,3.3,5.8,7.7,6.3,80,0.027453,261.932229,46
0,5,3,7,4.2,7.2,6.3,3.7,3.3,5.8,7.7,6.3,83,0.024757,281.464062,46
0,5,3,7,4.2,7.2,6.3,3.7,3.3,5.8,7.7,6.3,81,0.02739,299.242188,46
1,3,5,7,7.4,7.2,6.4,1.7,9.7,5.3,4.7,7.7,76,0.032814,424.58729,75.4
1,3,5,7,7.4,7.2,6.4,1.7,9.7,5.3,4.7,7.7,79,0.027958,313.125878,75.4
1,3,5,7,7.4,7.2,6.4,1.7,9.7,5.3,4.7,7.7,77,0.036485,330.003953,75.4
1,3,5,7,7.4,7.2,6.4,1.7,9.7,5.3,4.7,7.7,76,0.036151,372.502548,75.4
1,3,5,7,7.4,7.2,6.4,1.7,9.7,5.3,4.7,7.7,79,0.026715,383.566878,75.4
1,3,5,7,7.4,7.2,6.4,1.7,9.7,5.3,4.7,7.7,82,0.026537,423.124632,75.4
1,3,5,7,7.4,7.2,6.4,1.7,9.7,5.3,4.7,7.7,81,0.026973,458.178011,75.4
1,3,5,7,7.4,7.2,6.4,1.7,9.7,5.3,4.7,7.7,83,0.024693,487.005249,75.4
1,3,5,7,7.4,7.2,6.4,1.7,9.7,5.3,4.7,7.7,79,0.021795,502.251252,75.4
1,3,5,7,7.4,7.2,6.4,1.7,9.7,5.3,4.7,7.7,82,0.023318,519.835825,75.4
1,3,5,7,7.4,7.2,6.4,1.7,9.7,5.3,4.7,7.7,78,0.025751,492.273798,75.4
1,3,5,7,7.4,7.2,6.4,1.7,9.7,5.3,4.7,7.7,79,0.029123,479.861275,75.4
1,3,5,7,7.4,7.2,6.4,1.7,9.7,5.3,4.7,7.7,79,0.025873,491.864591,75.4
1,3,5,7,7.4,7.2,6.4,1.7,9.7,5.3,4.7,7.7,78,0.03291,496.447741,75.4
1,3,5,7,7.4,7.2,6.4,1.7,9.7,5.3,4.7,7.7,80,0.025382,473.161796,75.4
1,3,5,7,7.4,7.2,6.4,1.7,9.7,5.3,4.7,7.7,81,0.027573,469.228299,75.4
1,3,5,7,7.4,7.2,6.4,1.7,9.7,5.3,4.7,7.7,77,0.025147,495.018099,75.4
1,3,5,7,7.4,7.2,6.4,1.7,9.7,5.3,4.7,7.7,74,0.021076,482.539697,75.4
1,3,5,7,7.4,7.2,6.4,1.7,9.7,5.3,4.7,7.7,78,0.031351,484.002466,75.4
1,3,5,7,7.4,7.2,6.4,1.7,9.7,5.3,4.7,7.7,78,0.024064,508.717179,75.4
1,3,5,7,7.4,7.2,6.4,1.7,9.7,5.3,4.7,7.7,79,0.029244,528.920584,75.4
1,3,5,7,7.4,7.2,6.4,1.7,9.7,5.3,4.7,7.7,76,0.0241,541.952418,75.4
1,3,5,7,7.4,7.2,6.4,1.7,9.7,5.3,4.7,7.7,81,0.025225,560.571746,75.4
1,3,5,7,7.4,7.2,6.4,1.7,9.7,5.3,4.7,7.7,80,0.028422,564.528392,75.4
1,3,5,7,7.4,7.2,6.4,1.7,9.7,5.3,4.7,7.7,76,0.028674,568.618207,75.4
1,3,5,7,7.4,7.2,6.4,1.7,9.7,5.3,4.7,7.7,77,0.11187,568.612,75.4
1,3,5,7,7.4,7.2,6.4,1.7,9.7,5.3,4.7,7.7,83,0.032872,686.187853,75.4
2,3,7,5,9.4,7.2,5.8,5.2,9.8,5.4,0.5,9.6,79,0.063969,810.993383,92.6
2,3,7,5,9.4,7.2,5.8,5.2,9.8,5.4,0.5,9.6,77,0.22332,809.981677,92.6
2,3,7,5,9.4,7.2,5.8,5.2,9.8,5.4,0.5,9.6,86,0.045444,823.661237,92.6
2,3,7,5,9.4,7.2,5.8,5.2,9.8,5.4,0.5,9.6,80,0.084718,824.130164,92.6
2,3,7,5,9.4,7.2,5.8,5.2,9.8,5.4,0.5,9.6,77,0.037295,811.785076,92.6
2,3,7,5,9.4,7.2,5.8,5.2,9.8,5.4,0.5,9.6,77,0.057348,838.030234,92.6
0,5,4,4,1,3.6,3.3,0.1,3.2,5,5.2,2.7,72,0.111404,130.703749,44.1
0,5,4,4,1,3.6,3.3,0.1,3.2,5,5.2,2.7,69,0.121168,120.947058,44.1
0,5,4,4,1,3.6,3.3,0.1,3.2,5,5.2,2.7,63,0.0396,133.418094,44.1
0,5,4,4,1,3.6,3.3,0.1,3.2,5,5.2,2.7,72,0.111212,149.427974,44.1
0,5,4,4,1,3.6,3.3,0.1,3.2,5,5.2,2.7,65,0.035031,144.620979,44.1
0,5,4,4,1,3.6,3.3,0.1,3.2,5,5.2,2.7,71,0.080935,148.516419,44.1
2,7,7,6,1.5,5.5,3.3,0.3,6.3,5.3,9,1.2,58,0.067789,194.689417,45.4
2,7,7,6,1.5,5.5,3.3,0.3,6.3,5.3,9,1.2,57,0.064561,206.22481,45.4
2,7,7,6,1.5,5.5,3.3,0.3,6.3,5.3,9,1.2,59,0.073523,209.511095,45.4
2,7,7,6,1.5,5.5,3.3,0.3,6.3,5.3,9,1.2,58,0.091929,195.472041,45.4
2,7,7,6,1.5,5.5,3.3,0.3,6.3,5.3,9,1.2,65,0.077125,195.398782,45.4
2,7,7,6,1.5,5.5,3.3,0.3,6.3,5.3,9,1.2,64,0.052797,174.415729,45.4
2,7,7,6,1.5,5.5,3.3,0.3,6.3,5.3,9,1.2,63,0.045258,168.038201,45.4
2,7,7,6,1.5,5.5,3.3,0.3,6.3,5.3,9,1.2,67,0.042458,162.177931,45.4
2,7,7,6,1.5,5.5,3.3,0.3,6.3,5.3,9,1.2,72,0.043118,157.937508,45.4
2,7,7,6,1.5,5.5,3.3,0.3,6.3,5.3,9,1.2,75,0.025384,169.200815,45.4
2,7,7,6,1.5,5.5,3.3,0.3,6.3,5.3,9,1.2,64,0.059155,173.323364,45.4
2,7,7,6,1.5,5.5,3.3,0.3,6.3,5.3,9,1.2,62,0.05181,169.443133,45.4
2,7,7,6,1.5,5.5,3.3,0.3,6.3,5.3,9,1.2,66,0.036155,188.953802,45.4
2,7,7,6,1.5,5.5,3.3,0.3,6.3,5.3,9,1.2,62,0.047104,194.11849,45.4
2,7,7,6,1.5,5.5,3.3,0.3,6.3,5.3,9,1.2,61,0.056682,180.333532,45.4
2,7,7,6,1.5,5.5,3.3,0.3,6.3,5.3,9,1.2,63,0.042358,221.368061,45.4
2,7,7,6,1.5,5.5,3.3,0.3,6.3,5.3,9,1.2,64,0.038883,191.877674,45.4
2,7,7,6,1.5,5.5,3.3,0.3,6.3,5.3,9,1.2,61,0.050874,198.329141,45.4
2,7,7,6,1.5,5.5,3.3,0.3,6.3,5.3,9,1.2,68,0.030255,191.891572,45.4
2,7,7,6,1.5,5.5,3.3,0.3,6.3,5.3,9,1.2,66,0.039653,181.314619,45.4
2,7,7,6,1.5,5.5,3.3,0.3,6.3,5.3,9,1.2,62,0.07082,173.923394,45.4
2,7,7,6,1.5,5.5,3.3,0.3,6.3,5.3,9,1.2,72,0.069093,148.265987,45.4
2,7,7,6,1.5,5.5,3.3,0.3,6.3,5.3,9,1.2,63,0.061111,150.208212,45.4
2,7,7,6,1.5,5.5,3.3,0.3,6.3,5.3,9,1.2,62,0.049817,161.002094,45.4
2,7,7,6,1.5,5.5,3.3,0.3,6.3,5.3,9,1.2,68,0.206176,154.46081,45.4
1,8,7,6,1.3,7.4,4.9,0.2,3.6,6.5,4.9,0.8,63,0.203562,229.637883,51.7
1,8,7,6,1.3,7.4,4.9,0.2,3.6,6.5,4.9,0.8,62,0.048231,224.986438,51.7
1,8,7,6,1.3,7.4,4.9,0.2,3.6,6.5,4.9,0.8,63,0.039882,219.038257,51.7
1,8,7,6,1.3,7.4,4.9,0.2,3.6,6.5,4.9,0.8,65,0.043143,216.126274,51.7
1,8,7,6,1.3,7.4,4.9,0.2,3.6,6.5,4.9,0.8,59,0.050157,220.939211,51.7
1,8,7,6,1.3,7.4,4.9,0.2,3.6,6.5,4.9,0.8,58,0.078739,218.99453,51.7
1,8,7,6,1.3,7.4,4.9,0.2,3.6,6.5,4.9,0.8,59,0.149652,223.500879,51.7
1,8,7,6,1.3,7.4,4.9,0.2,3.6,6.5,4.9,0.8,67,0.07948,191.384003,51.7
1,8,7,6,1.3,7.4,4.9,0.2,3.6,6.5,4.9,0.8,66,0.038979,182.152742,51.7
1,8,7,6,1.3,7.4,4.9,0.2,3.6,6.5,4.9,0.8,64,0.046057,188.668827,51.7
1,8,7,6,1.3,7.4,4.9,0.2,3.6,6.5,4.9,0.8,68,0.133911,185.305758,51.7
1,8,7,6,1.3,7.4,4.9,0.2,3.6,6.5,4.9,0.8,66,0.047356,170.783888,51.7
1,8,7,6,1.3,7.4,4.9,0.2,3.6,6.5,4.9,0.8,68,0.061215,173.331624,51.7
1,8,7,6,1.3,7.4,4.9,0.2,3.6,6.5,4.9,0.8,63,0.352978,185.222822,51.7
1,8,7,6,1.3,7.4,4.9,0.2,3.6,6.5,4.9,0.8,64,0.069196,177.327542,51.7
1,8,7,6,1.3,7.4,4.9,0.2,3.6,6.5,4.9,0.8,67,0.061098,179.823232,51.7
1,8,7,6,1.3,7.4,4.9,0.2,3.6,6.5,4.9,0.8,66,0.105171,181.278774,51.7
1,8,7,6,1.3,7.4,4.9,0.2,3.6,6.5,4.9,0.8,61,0.103208,189.682533,51.7
1,8,7,6,1.3,7.4,4.9,0.2,3.6,6.5,4.9,0.8,67,0.093694,175.30969,51.7
0,8,5,6,2,7.4,5.8,3.3,6.3,5.8,4.7,2.8,89,0.023894,107.159811,59
0,8,5,6,2,7.4,5.8,3.3,6.3,5.8,4.7,2.8,82,0.022693,98.958792,59
0,8,5,6,2,7.4,5.8,3.3,6.3,5.8,4.7,2.8,83,0.027999,103.267208,59
0,8,5,6,2,7.4,5.8,3.3,6.3,5.8,4.7,2.8,81,0.031694,132.177476,59
0,8,5,6,2,7.4,5.8,3.3,6.3,5.8,4.7,2.8,86,0.030699,128.520105,59
0,8,5,6,2,7.4,5.8,3.3,6.3,5.8,4.7,2.8,85,0.026744,102.644077,59
0,8,5,6,2,7.4,5.8,3.3,6.3,5.8,4.7,2.8,80,0.030046,105.752468,59
0,8,5,6,2,7.4,5.8,3.3,6.3,5.8,4.7,2.8,81,0.025431,100.404521,59
0,8,5,6,2,7.4,5.8,3.3,6.3,5.8,4.7,2.8,79,0.033607,106.95982,59
0,8,5,6,2,7.4,5.8,3.3,6.3,5.8,4.7,2.8,84,0.02501,120.463317,59
0,8,5,6,2,7.4,5.8,3.3,6.3,5.8,4.7,2.8,84,0.02596,105.15114,59
0,8,5,6,2,7.4,5.8,3.3,6.3,5.8,4.7,2.8,86,0.025119,104.369837,59
0,8,5,6,2,7.4,5.8,3.3,6.3,5.8,4.7,2.8,77,0.028411,103.771867,59
0,8,5,6,2,7.4,5.8,3.3,6.3,5.8,4.7,2.8,82,0.027608,105.498094,59
0,8,5,6,2,7.4,5.8,3.3,6.3,5.8,4.7,2.8,87,0.021792,115.188804,59
0,8,5,6,2,7.4,5.8,3.3,6.3,5.8,4.7,2.8,83,0.030633,103.735749,59
0,8,5,6,2,7.4,5.8,3.3,6.3,5.8,4.7,2.8,84,0.029916,104.695858,59
0,8,5,6,2,7.4,5.8,3.3,6.3,5.8,4.7,2.8,82,0.032797,104.493366,59
0,8,5,6,2,7.4,5.8,3.3,6.3,5.8,4.7,2.8,84,0.022089,106.270508,59
0,8,5,6,2,7.4,5.8,3.3,6.3,5.8,4.7,2.8,88,0.022143,112.790162,59
0,8,5,6,2,7.4,5.8,3.3,6.3,5.8,4.7,2.8,80,0.023109,115.931401,59
0,8,5,6,2,7.4,5.8,3.3,6.3,5.8,4.7,2.8,81,0.02724,115.905874,59
0,8,5,6,2,7.4,5.8,3.3,6.3,5.8,4.7,2.8,86,0.023338,117.70476,59
0,8,5,6,2,7.4,5.8,3.3,6.3,5.8,4.7,2.8,86,0.026834,114.189464,59
0,8,5,6,2,7.4,5.8,3.3,6.3,5.8,4.7,2.8,85,0.021745,117.977486,59
0,8,5,6,2,7.4,5.8,3.3,6.3,5.8,4.7,2.8,83,0.047679,104.225538,59
0,8,5,6,2,7.4,5.8,3.3,6.3,5.8,4.7,2.8,84,0.030478,106.872385,59
0,8,5,6,2,7.4,5.8,3.3,6.3,5.8,4.7,2.8,85,0.027089,113.250718,59
0,8,5,6,2,7.4,5.8,3.3,6.3,5.8,4.7,2.8,82,0.026901,107.623808,59
0,8,5,6,2,7.4,5.8,3.3,6.3,5.8,4.7,2.8,85,0.045006,121.216111,59
0,8,5,6,2,7.4,5.8,3.3,6.3,5.8,4.7,2.8,84,0.030131,120.006343,59
0,8,5,6,2,7.4,5.8,3.3,6.3,5.8,4.7,2.8,94,0.021883,111.390978,59
1,6,6,5,3.7,9.5,6.8,4.8,7.6,5.7,7.2,4.8,79,0.029196,135.515248,57.9
1,6,6,5,3.7,9.5,6.8,4.8,7.6,5.7,7.2,4.8,80,0.026827,161.528333,57.9
1,6,6,5,3.7,9.5,6.8,4.8,7.6,5.7,7.2,4.8,77,0.025287,138.701382,57.9
1,6,6,5,3.7,9.5,6.8,4.8,7.6,5.7,7.2,4.8,82,0.032973,140.756575,57.9
1,6,6,5,3.7,9.5,6.8,4.8,7.6,5.7,7.2,4.8,77,0.030225,138.545787,57.9
1,6,6,5,3.7,9.5,6.8,4.8,7.6,5.7,7.2,4.8,72,0.029371,132.148181,57.9
1,6,6,5,3.7,9.5,6.8,4.8,7.6,5.7,7.2,4.8,79,0.026631,130.58239,57.9
1,6,6,5,3.7,9.5,6.8,4.8,7.6,5.7,7.2,4.8,81,0.028634,131.399297,57.9
1,6,6,5,3.7,9.5,6.8,4.8,7.6,5.7,7.2,4.8,77,0.030243,130.915266,57.9
1,6,6,5,3.7,9.5,6.8,4.8,7.6,5.7,7.2,4.8,76,0.026048,132.391083,57.9
1,6,6,5,3.7,9.5,6.8,4.8,7.6,5.7,7.2,4.8,76,0.034182,121.024289,57.9
1,6,6,5,3.7,9.5,6.8,4.8,7.6,5.7,7.2,4.8,84,0.026934,136.08229,57.9
1,6,6,5,3.7,9.5,6.8,4.8,7.6,5.7,7.2,4.8,81,0.023749,131.937068,57.9
1,6,6,5,3.7,9.5,6.8,4.8,7.6,5.7,7.2,4.8,82,0.030402,131.988397,57.9
1,6,6,5,3.7,9.5,6.8,4.8,7.6,5.7,7.2,4.8,79,0.02703,136.898582,57.9
1,6,6,5,3.7,9.5,6.8,4.8,7.6,5.7,7.2,4.8,85,0.03012,134.56011,57.9
1,6,6,5,3.7,9.5,6.8,4.8,7.6,5.7,7.2,4.8,81,0.026995,132.844683,57.9
1,6,6,5,3.7,9.5,6.8,4.8,7.6,5.7,7.2,4.8,80,0.023663,133.247461,57.9
1,6,6,5,3.7,9.5,6.8,4.8,7.6,5.7,7.2,4.8,77,0.038067,126.134513,57.9
1,6,6,5,3.7,9.5,6.8,4.8,7.6,5.7,7.2,4.8,79,0.025241,139.65005,57.9
1,6,6,5,3.7,9.5,6.8,4.8,7.6,5.7,7.2,4.8,84,0.0243,144.750637,57.9
1,6,6,5,3.7,9.5,6.8,4.8,7.6,5.7,7.2,4.8,80,0.030075,136.572346,57.9
1,6,6,5,3.7,9.5,6.8,4.8,7.6,5.7,7.2,4.8,79,0.032467,133.408261,57.9
1,6,6,5,3.7,9.5,6.8,4.8,7.6,5.7,7.2,4.8,77,0.02771,142.462428,57.9
1,6,6,5,3.7,9.5,6.8,4.8,7.6,5.7,7.2,4.8,80,0.025804,135.070699,57.9
1,6,6,5,3.7,9.5,6.8,4.8,7.6,5.7,7.2,4.8,77,0.024633,137.444291,57.9
1,6,6,5,3.7,9.5,6.8,4.8,7.6,5.7,7.2,4.8,77,0.022943,136.179745,57.9
1,6,6,5,3.7,9.5,6.8,4.8,7.6,5.7,7.2,4.8,78,0.027278,137.000422,57.9
1,6,6,5,3.7,9.5,6.8,4.8,7.6,5.7,7.2,4.8,81,0.02325,129.705369,57.9
1,6,6,5,3.7,9.5,6.8,4.8,7.6,5.7,7.2,4.8,78,0.026814,136.020795,57.9
1,6,6,5,3.7,9.5,6.8,4.8,7.6,5.7,7.2,4.8,79,0.027452,147.242441,57.9
1,6,6,5,3.7,9.5,6.8,4.8,7.6,5.7,7.2,4.8,78,0.030809,146.761267,57.9
1,6,6,5,3.7,9.5,6.8,4.8,7.6,5.7,7.2,4.8,80,0.030396,152.464135,57.9
1,6,6,5,3.7,9.5,6.8,4.8,7.6,5.7,7.2,4.8,79,0.02624,158.42386,57.9
1,6,6,5,3.7,9.5,6.8,4.8,7.6,5.7,7.2,4.8,77,0.025111,163.619276,57.9
1,6,6,5,3.7,9.5,6.8,4.8,7.6,5.7,7.2,4.8,80,0.029883,157.139737,57.9
1,6,6,5,3.7,9.5,6.8,4.8,7.6,5.7,7.2,4.8,77,0.029345,149.542925,57.9
1,6,6,5,3.7,9.5,6.8,4.8,7.6,5.7,7.2,4.8,79,0.032782,146.540293,57.9
1,6,6,5,3.7,9.5,6.8,4.8,7.6,5.7,7.2,4.8,77,0.031245,145.74808,57.9
1,6,6,5,3.7,9.5,6.8,4.8,7.6,5.7,7.2,4.8,84,0.024308,138.531306,57.9
2,7,3,5,3,6.6,5.7,2.2,6.2,5.8,6.3,2.8,75,0.030473,214.945645,55.2
2,7,3,5,3,6.6,5.7,2.2,6.2,5.8,6.3,2.8,77,0.053371,192.877856,55.2
0,5,8,5,2,10.3,8.9,1,5,8.9,3,1,90,0.046238,63.948835,81.3
0,5,8,5,2,10.3,8.9,1,5,8.9,3,1,91,0.047619,68.260293,81.3
0,5,8,5,2,10.3,8.9,1,5,8.9,3,1,90,0.046004,67.764093,81.3
0,5,8,5,2,10.3,8.9,1,5,8.9,3,1,86,0.063885,70.565148,81.3
0,5,8,5,2,10.3,8.9,1,5,8.9,3,1,89,0.045161,74.580061,81.3
0,5,8,5,2,10.3,8.9,1,5,8.9,3,1,82,0.059212,77.088599,81.3
0,5,8,5,2,10.3,8.9,1,5,8.9,3,1,90,0.05855,80.246579,81.3
0,5,8,5,2,10.3,8.9,1,5,8.9,3,1,86,0.058466,82.156046,81.3
0,5,8,5,2,10.3,8.9,1,5,8.9,3,1,87,0.048699,79.259542,81.3
0,5,8,5,2,10.3,8.9,1,5,8.9,3,1,85,0.055768,77.663954,81.3
0,5,8,5,2,10.3,8.9,1,5,8.9,3,1,81,0.065562,78.94168,81.3
0,5,8,5,2,10.3,8.9,1,5,8.9,3,1,87,0.055882,75.660795,81.3
0,5,8,5,2,10.3,8.9,1,5,8.9,3,1,89,0.041713,83.185237,81.3
0,5,8,5,2,10.3,8.9,1,5,8.9,3,1,84,0.060493,82.467686,81.3
0,5,8,5,2,10.3,8.9,1,5,8.9,3,1,85,0.064327,82.294574,81.3
0,5,8,5,2,10.3,8.9,1,5,8.9,3,1,85,0.060579,89.648954,81.3
0,5,8,5,2,10.3,8.9,1,5,8.9,3,1,89,0.055119,91.837889,81.3
0,5,8,5,2,10.3,8.9,1,5,8.9,3,1,82,0.059623,82.701494,81.3
0,5,8,5,2,10.3,8.9,1,5,8.9,3,1,84,0.071016,94.22786,81.3
0,5,8,5,2,10.3,8.9,1,5,8.9,3,1,85,0.062355,111.026661,81.3
0,5,8,5,2,10.3,8.9,1,5,8.9,3,1,82,0.068241,108.86081,81.3
0,5,8,5,2,10.3,8.9,1,5,8.9,3,1,84,0.058628,117.371032,81.3
0,5,8,5,2,10.3,8.9,1,5,8.9,3,1,85,0.061362,122.431659,81.3
0,5,8,5,2,10.3,8.9,1,5,8.9,3,1,83,0.066047,127.02957,81.3
0,5,8,5,2,10.3,8.9,1,5,8.9,3,1,82,0.069115,119.283325,81.3
0,5,8,5,2,10.3,8.9,1,5,8.9,3,1,88,0.058317,116.843471,81.3
0,5,8,5,2,10.3,8.9,1,5,8.9,3,1,79,0.07059,119.352542,81.3
0,5,8,5,2,10.3,8.9,1,5,8.9,3,1,82,0.074313,125.564718,81.3
0,5,8,5,2,10.3,8.9,1,5,8.9,3,1,82,0.063387,116.282538,81.3
0,5,8,5,2,10.3,8.9,1,5,8.9,3,1,87,0.05114,107.64225,81.3
0,5,8,5,2,10.3,8.9,1,5,8.9,3,1,83,0.065557,116.6439,81.3
0,5,8,5,2,10.3,8.9,1,5,8.9,3,1,84,0.068271,123.091742,81.3
0,5,8,5,2,10.3,8.9,1,5,8.9,3,1,82,0.074568,126.103414,81.3
0,5,8,5,2,10.3,8.9,1,5,8.9,3,1,84,0.061401,121.043829,81.3
0,5,8,5,2,10.3,8.9,1,5,8.9,3,1,81,0.069849,126.015775,81.3
0,5,8,5,2,10.3,8.9,1,5,8.9,3,1,83,0.061431,132.184948,81.3
0,5,8,5,2,10.3,8.9,1,5,8.9,3,1,87,0.046552,132.918916,81.3
1,8,7,5,6,10.2,9.3,1,8.9,9,8,6.9,81,0.063769,99.885307,83.9
1,8,7,5,6,10.2,9.3,1,8.9,9,8,6.9,82,0.074012,108.340616,83.9
1,8,7,5,6,10.2,9.3,1,8.9,9,8,6.9,80,0.081572,111.953359,83.9
1,8,7,5,6,10.2,9.3,1,8.9,9,8,6.9,80,0.074665,115.201834,83.9
1,8,7,5,6,10.2,9.3,1,8.9,9,8,6.9,83,0.066511,116.974765,83.9
1,8,7,5,6,10.2,9.3,1,8.9,9,8,6.9,83,0.056887,126.230516,83.9
1,8,7,5,6,10.2,9.3,1,8.9,9,8,6.9,82,0.072767,130.240321,83.9
1,8,7,5,6,10.2,9.3,1,8.9,9,8,6.9,84,0.058464,134.641209,83.9
1,8,7,5,6,10.2,9.3,1,8.9,9,8,6.9,81,0.071845,137.898691,83.9
1,8,7,5,6,10.2,9.3,1,8.9,9,8,6.9,80,0.071599,136.683829,83.9
1,8,7,5,6,10.2,9.3,1,8.9,9,8,6.9,78,0.07649,138.389479,83.9
1,8,7,5,6,10.2,9.3,1,8.9,9,8,6.9,80,0.067818,146.77166,83.9
1,8,7,5,6,10.2,9.3,1,8.9,9,8,6.9,76,0.084389,142.036819,83.9
1,8,7,5,6,10.2,9.3,1,8.9,9,8,6.9,78,0.08054,149.339401,83.9
1,8,7,5,6,10.2,9.3,1,8.9,9,8,6.9,73,0.086801,144.797162,83.9
1,8,7,5,6,10.2,9.3,1,8.9,9,8,6.9,75,0.079883,138.110995,83.9
1,8,7,5,6,10.2,9.3,1,8.9,9,8,6.9,80,0.082339,133.888438,83.9
1,8,7,5,6,10.2,9.3,1,8.9,9,8,6.9,80,0.072618,131.010966,83.9
1,8,7,5,6,10.2,9.3,1,8.9,9,8,6.9,74,0.089868,128.827944,83.9
1,8,7,5,6,10.2,9.3,1,8.9,9,8,6.9,83,0.070779,132.953655,83.9
1,8,7,5,6,10.2,9.3,1,8.9,9,8,6.9,76,0.079496,121.421753,83.9
1,8,7,5,6,10.2,9.3,1,8.9,9,8,6.9,77,0.090644,134.509514,83.9
1,8,7,5,6,10.2,9.3,1,8.9,9,8,6.9,81,0.07951,141.097644,83.9
1,8,7,5,6,10.2,9.3,1,8.9,9,8,6.9,79,0.081029,132.356223,83.9
1,8,7,5,6,10.2,9.3,1,8.9,9,8,6.9,81,0.077577,137.678508,83.9
1,8,7,5,6,10.2,9.3,1,8.9,9,8,6.9,83,0.063717,139.518033,83.9
1,8,7,5,6,10.2,9.3,1,8.9,9,8,6.9,79,0.074936,138.812176,83.9
1,8,7,5,6,10.2,9.3,1,8.9,9,8,6.9,74,0.075334,146.620162,83.9
1,8,7,5,6,10.2,9.3,1,8.9,9,8,6.9,77,0.079236,139.641906,83.9
1,8,7,5,6,10.2,9.3,1,8.9,9,8,6.9,82,0.069039,141.52514,83.9
1,8,7,5,6,10.2,9.3,1,8.9,9,8,6.9,82,0.069213,134.453775,83.9
1,8,7,5,6,10.2,9.3,1,8.9,9,8,6.9,83,0.068158,136.611869,83.9
1,8,7,5,6,10.2,9.3,1,8.9,9,8,6.9,81,0.065477,143.257316,83.9
1,8,7,5,6,10.2,9.3,1,8.9,9,8,6.9,79,0.083169,146.702189,83.9
1,8,7,5,6,10.2,9.3,1,8.9,9,8,6.9,90,0.056015,142.034144,83.9
1,8,7,5,6,10.2,9.3,1,8.9,9,8,6.9,86,0.057701,147.128735,83.9
1,8,7,5,6,10.2,9.3,1,8.9,9,8,6.9,80,0.07686,148.19121,83.9
1,8,7,5,6,10.2,9.3,1,8.9,9,8,6.9,81,0.076835,149.05738,83.9
1,8,7,5,6,10.2,9.3,1,8.9,9,8,6.9,86,0.062953,142.968376,83.9
1,8,7,5,6,10.2,9.3,1,8.9,9,8,6.9,85,0.056474,150.013739,83.9
1,8,7,5,6,10.2,9.3,1,8.9,9,8,6.9,82,0.067306,144.227902,83.9
1,8,7,5,6,10.2,9.3,1,8.9,9,8,6.9,83,0.057869,148.880558,83.9
2,9,9,7,10,11.3,10,3,10,10,9.1,1.1,78,0.082846,136.21652,90.9
2,9,9,7,10,11.3,10,3,10,10,9.1,1.1,77,0.071461,155.572016,90.9
2,9,9,7,10,11.3,10,3,10,10,9.1,1.1,81,0.05684,167.204386,90.9
2,9,9,7,10,11.3,10,3,10,10,9.1,1.1,82,0.060926,178.541182,90.9
2,9,9,7,10,11.3,10,3,10,10,9.1,1.1,80,0.09621,183.10334,90.9
2,9,9,7,10,11.3,10,3,10,10,9.1,1.1,85,0.066015,180.204755,90.9
2,9,9,7,10,11.3,10,3,10,10,9.1,1.1,79,0.072126,171.103339,90.9
2,9,9,7,10,11.3,10,3,10,10,9.1,1.1,77,0.07789,165.385845,90.9
2,9,9,7,10,11.3,10,3,10,10,9.1,1.1,74,0.078343,179.381591,90.9
2,9,9,7,10,11.3,10,3,10,10,9.1,1.1,80,0.070569,167.182115,90.9
2,9,9,7,10,11.3,10,3,10,10,9.1,1.1,79,0.078859,155.245261,90.9
2,9,9,7,10,11.3,10,3,10,10,9.1,1.1,79,0.081783,159.308264,90.9
2,9,9,7,10,11.3,10,3,10,10,9.1,1.1,75,0.087625,144.57285,90.9
2,9,9,7,10,11.3,10,3,10,10,9.1,1.1,79,0.079005,148.384255,90.9
2,9,9,7,10,11.3,10,3,10,10,9.1,1.1,76,0.080809,157.897866,90.9
2,9,9,7,10,11.3,10,3,10,10,9.1,1.1,79,0.086624,159.791428,90.9
2,9,9,7,10,11.3,10,3,10,10,9.1,1.1,74,0.09111,164.778809,90.9
2,9,9,7,10,11.3,10,3,10,10,9.1,1.1,78,0.078527,164.870325,90.9
2,9,9,7,10,11.3,10,3,10,10,9.1,1.1,80,0.070968,166.919319,90.9
2,9,9,7,10,11.3,10,3,10,10,9.1,1.1,80,0.06269,162.350841,90.9
2,9,9,7,10,11.3,10,3,10,10,9.1,1.1,76,0.085876,171.197957,90.9
2,9,9,7,10,11.3,10,3,10,10,9.1,1.1,83,0.071006,181.594716,90.9
2,9,9,7,10,11.3,10,3,10,10,9.1,1.1,82,0.074241,179.787389,90.9
2,9,9,7,10,11.3,10,3,10,10,9.1,1.1,78,0.089203,176.769352,90.9
2,9,9,7,10,11.3,10,3,10,10,9.1,1.1,83,0.084138,174.879037,90.9
2,9,9,7,10,11.3,10,3,10,10,9.1,1.1,79,0.083535,179.373134,90.9
2,9,9,7,10,11.3,10,3,10,10,9.1,1.1,74,0.094341,171.047012,90.9
0,3,7,3,6.9,9.6,9.2,6.3,7.8,7.8,5.8,6.3,74,0.019156,210.533415,69.1
0,3,7,3,6.9,9.6,9.2,6.3,7.8,7.8,5.8,6.3,75,0.019064,212.563279,69.1
0,3,7,3,6.9,9.6,9.2,6.3,7.8,7.8,5.8,6.3,75,0.020737,218.392733,69.1
0,3,7,3,6.9,9.6,9.2,6.3,7.8,7.8,5.8,6.3,78,0.023099,227.820061,69.1
0,3,7,3,6.9,9.6,9.2,6.3,7.8,7.8,5.8,6.3,81,0.018896,215.215381,69.1
0,3,7,3,6.9,9.6,9.2,6.3,7.8,7.8,5.8,6.3,80,0.027126,209.946276,69.1
0,3,7,3,6.9,9.6,9.2,6.3,7.8,7.8,5.8,6.3,75,0.019699,205.708516,69.1
0,3,7,3,6.9,9.6,9.2,6.3,7.8,7.8,5.8,6.3,82,0.020375,213.391718,69.1
0,3,7,3,6.9,9.6,9.2,6.3,7.8,7.8,5.8,6.3,85,0.072201,210.557117,69.1
0,3,7,3,6.9,9.6,9.2,6.3,7.8,7.8,5.8,6.3,83,0.026174,212.702132,69.1
0,3,7,3,6.9,9.6,9.2,6.3,7.8,7.8,5.8,6.3,82,0.056362,219.04657,69.1
0,3,7,3,6.9,9.6,9.2,6.3,7.8,7.8,5.8,6.3,75,0.033176,227.232239,69.1
0,3,7,3,6.9,9.6,9.2,6.3,7.8,7.8,5.8,6.3,79,0.030066,220.761561,69.1
0,3,7,3,6.9,9.6,9.2,6.3,7.8,7.8,5.8,6.3,94,0.029224,233.128198,69.1
0,3,7,3,6.9,9.6,9.2,6.3,7.8,7.8,5.8,6.3,84,0.032886,214.943799,69.1
0,3,7,3,6.9,9.6,9.2,6.3,7.8,7.8,5.8,6.3,78,0.041094,223.046447,69.1
0,3,7,3,6.9,9.6,9.2,6.3,7.8,7.8,5.8,6.3,80,0.039299,230.868349,69.1
0,3,7,3,6.9,9.6,9.2,6.3,7.8,7.8,5.8,6.3,89,0.036613,235.845225,69.1
0,3,7,3,6.9,9.6,9.2,6.3,7.8,7.8,5.8,6.3,84,0.034547,232.545349,69.1
0,3,7,3,6.9,9.6,9.2,6.3,7.8,7.8,5.8,6.3,85,0.079702,229.566686,69.1
0,3,7,3,6.9,9.6,9.2,6.3,7.8,7.8,5.8,6.3,83,0.038424,240.376974,69.1
0,3,7,3,6.9,9.6,9.2,6.3,7.8,7.8,5.8,6.3,76,0.023223,244.785198,69.1
0,3,7,3,6.9,9.6,9.2,6.3,7.8,7.8,5.8,6.3,78,0.028123,251.01163,69.1
0,3,7,3,6.9,9.6,9.2,6.3,7.8,7.8,5.8,6.3,82,0.02574,257.768921,69.1
0,3,7,3,6.9,9.6,9.2,6.3,7.8,7.8,5.8,6.3,86,0.03104,263.851543,69.1
0,3,7,3,6.9,9.6,9.2,6.3,7.8,7.8,5.8,6.3,76,0.02524,252.913948,69.1
0,3,7,3,6.9,9.6,9.2,6.3,7.8,7.8,5.8,6.3,72,0.127905,259.145923,69.1
0,3,7,3,6.9,9.6,9.2,6.3,7.8,7.8,5.8,6.3,74,0.130884,265.220182,69.1
2,7,5,7,2.3,8.6,5.7,2.3,1.3,2.2,8.8,1.3,79,0.028961,244.111832,27.6
2,7,5,7,2.3,8.6,5.7,2.3,1.3,2.2,8.8,1.3,74,0.027402,240.969412,27.6
2,7,5,7,2.3,8.6,5.7,2.3,1.3,2.2,8.8,1.3,74,0.026954,257.621554,27.6
2,7,5,7,2.3,8.6,5.7,2.3,1.3,2.2,8.8,1.3,80,0.030298,274.975401,27.6
2,7,5,7,2.3,8.6,5.7,2.3,1.3,2.2,8.8,1.3,81,0.026261,269.466803,27.6
2,7,5,7,2.3,8.6,5.7,2.3,1.3,2.2,8.8,1.3,78,0.030005,257.843738,27.6
2,7,5,7,2.3,8.6,5.7,2.3,1.3,2.2,8.8,1.3,73,0.021941,267.518936,27.6
2,7,5,7,2.3,8.6,5.7,2.3,1.3,2.2,8.8,1.3,78,0.034511,246.60385,27.6
2,7,5,7,2.3,8.6,5.7,2.3,1.3,2.2,8.8,1.3,72,0.024376,259.959956,27.6
2,7,5,7,2.3,8.6,5.7,2.3,1.3,2.2,8.8,1.3,73,0.027847,274.356001,27.6
2,7,5,7,2.3,8.6,5.7,2.3,1.3,2.2,8.8,1.3,77,0.023451,284.692975,27.6
2,7,5,7,2.3,8.6,5.7,2.3,1.3,2.2,8.8,1.3,77,0.037594,280.155584,27.6
2,7,5,7,2.3,8.6,5.7,2.3,1.3,2.2,8.8,1.3,75,0.028034,291.336191,27.6
2,7,5,7,2.3,8.6,5.7,2.3,1.3,2.2,8.8,1.3,70,0.025038,300.261266,27.6
2,7,5,7,2.3,8.6,5.7,2.3,1.3,2.2,8.8,1.3,72,0.0341,277.307964,27.6
2,7,5,7,2.3,8.6,5.7,2.3,1.3,2.2,8.8,1.3,75,0.032168,284.012599,27.6
2,7,5,7,2.3,8.6,5.7,2.3,1.3,2.2,8.8,1.3,71,0.028137,250.236007,27.6
2,7,5,7,2.3,8.6,5.7,2.3,1.3,2.2,8.8,1.3,72,0.030714,252.87026,27.6
2,7,5,7,2.3,8.6,5.7,2.3,1.3,2.2,8.8,1.3,73,0.031322,271.704057,27.6
2,7,5,7,2.3,8.6,5.7,2.3,1.3,2.2,8.8,1.3,73,0.020792,263.698607,27.6
2,7,5,7,2.3,8.6,5.7,2.3,1.3,2.2,8.8,1.3,73,0.021966,264.001108,27.6
2,7,5,7,2.3,8.6,5.7,2.3,1.3,2.2,8.8,1.3,78,0.025218,295.065973,27.6
2,7,5,7,2.3,8.6,5.7,2.3,1.3,2.2,8.8,1.3,71,0.020877,295.411719,27.6
2,7,5,7,2.3,8.6,5.7,2.3,1.3,2.2,8.8,1.3,71,0.035211,293.275704,27.6
2,7,5,7,2.3,8.6,5.7,2.3,1.3,2.2,8.8,1.3,74,0.029213,298.550772,27.6
2,7,5,7,2.3,8.6,5.7,2.3,1.3,2.2,8.8,1.3,74,0.042307,292.009828,27.6
2,7,5,7,2.3,8.6,5.7,2.3,1.3,2.2,8.8,1.3,76,0.025427,274.815415,27.6
1,2,2,3,5.1,10.9,8.8,1.3,8.8,8.8,4.3,7.2,68,0.033499,264.408098,74
1,2,2,3,5.1,10.9,8.8,1.3,8.8,8.8,4.3,7.2,69,0.046243,283.648762,74
1,2,2,3,5.1,10.9,8.8,1.3,8.8,8.8,4.3,7.2,65,0.037796,285.097281,74
1,2,2,3,5.1,10.9,8.8,1.3,8.8,8.8,4.3,7.2,69,0.030391,301.01575,74
1,2,2,3,5.1,10.9,8.8,1.3,8.8,8.8,4.3,7.2,66,0.042304,300.881895,74
1,2,2,3,5.1,10.9,8.8,1.3,8.8,8.8,4.3,7.2,67,0.031704,273.313667,74
1,2,2,3,5.1,10.9,8.8,1.3,8.8,8.8,4.3,7.2,68,0.025277,283.152253,74
1,2,2,3,5.1,10.9,8.8,1.3,8.8,8.8,4.3,7.2,71,0.030008,288.007491,74
1,2,2,3,5.1,10.9,8.8,1.3,8.8,8.8,4.3,7.2,67,0.085398,295.336284,74
1,2,2,3,5.1,10.9,8.8,1.3,8.8,8.8,4.3,7.2,66,0.03792,306.992414,74
1,2,2,3,5.1,10.9,8.8,1.3,8.8,8.8,4.3,7.2,67,0.02914,314.426588,74
1,2,2,3,5.1,10.9,8.8,1.3,8.8,8.8,4.3,7.2,68,0.039889,298.032327,74
1,2,2,3,5.1,10.9,8.8,1.3,8.8,8.8,4.3,7.2,69,0.037445,321.393443,74
1,2,2,3,5.1,10.9,8.8,1.3,8.8,8.8,4.3,7.2,66,0.041419,321.314145,74
1,2,2,3,5.1,10.9,8.8,1.3,8.8,8.8,4.3,7.2,65,0.042547,330.014988,74
1,2,2,3,5.1,10.9,8.8,1.3,8.8,8.8,4.3,7.2,69,0.038624,340.309105,74
1,2,2,3,5.1,10.9,8.8,1.3,8.8,8.8,4.3,7.2,67,0.036158,336.09797,74
1,2,2,3,5.1,10.9,8.8,1.3,8.8,8.8,4.3,7.2,68,0.033358,345.460344,74
1,2,2,3,5.1,10.9,8.8,1.3,8.8,8.8,4.3,7.2,69,0.035964,320.409183,74
1,2,2,3,5.1,10.9,8.8,1.3,8.8,8.8,4.3,7.2,70,0.031414,302.913084,74
1,2,2,3,5.1,10.9,8.8,1.3,8.8,8.8,4.3,7.2,71,0.032597,309.91457,74
1,2,2,3,5.1,10.9,8.8,1.3,8.8,8.8,4.3,7.2,68,0.02829,301.822353,74
1,2,2,3,5.1,10.9,8.8,1.3,8.8,8.8,4.3,7.2,67,0.026536,313.903367,74
1,2,2,3,5.1,10.9,8.8,1.3,8.8,8.8,4.3,7.2,68,0.02881,297.158994,74
1,2,2,3,5.1,10.9,8.8,1.3,8.8,8.8,4.3,7.2,69,0.039249,318.607486,74
1,2,2,3,5.1,10.9,8.8,1.3,8.8,8.8,4.3,7.2,67,0.031262,332.911944,74
1,2,2,3,5.1,10.9,8.8,1.3,8.8,8.8,4.3,7.2,66,0.033429,320.416232,74
1,2,2,3,5.1,10.9,8.8,1.3,8.8,8.8,4.3,7.2,65,0.03645,308.73973,74
1,2,2,3,5.1,10.9,8.8,1.3,8.8,8.8,4.3,7.2,65,0.038725,320.530144,74
1,2,2,3,5.1,10.9,8.8,1.3,8.8,8.8,4.3,7.2,65,0.038541,311.38235,74
1,2,2,3,5.1,10.9,8.8,1.3,8.8,8.8,4.3,7.2,68,0.034079,324.575486,74
1,2,2,3,5.1,10.9,8.8,1.3,8.8,8.8,4.3,7.2,68,0.036636,306.808685,74
1,2,2,3,5.1,10.9,8.8,1.3,8.8,8.8,4.3,7.2,66,0.031261,278.919053,74
1,2,2,3,5.1,10.9,8.8,1.3,8.8,8.8,4.3,7.2,68,0.034764,285.991441,74
1,2,2,3,5.1,10.9,8.8,1.3,8.8,8.8,4.3,7.2,68,0.025348,268.818122,74
1,2,2,3,5.1,10.9,8.8,1.3,8.8,8.8,4.3,7.2,73,0.077422,307.170204,74
1,2,2,3,5.1,10.9,8.8,1.3,8.8,8.8,4.3,7.2,68,0.028486,321.807631,74
1,2,2,3,5.1,10.9,8.8,1.3,8.8,8.8,4.3,7.2,69,0,329,74
1,2,2,3,5.1,10.9,8.8,1.3,8.8,8.8,4.3,7.2,71,0.035042,353.465788,74
1,2,2,3,5.1,10.9,8.8,1.3,8.8,8.8,4.3,7.2,65,0.032975,343.617676,74
1,2,2,3,5.1,10.9,8.8,1.3,8.8,8.8,4.3,7.2,68,0.034884,331.176649,74
1,2,2,3,5.1,10.9,8.8,1.3,8.8,8.8,4.3,7.2,66,0.029989,324.095413,74
0,7,3,6,1.3,3.5,2.8,2.9,2.3,3.3,7.8,1.3,73,0.035065,235.700016,26.1
0,7,3,6,1.3,3.5,2.8,2.9,2.3,3.3,7.8,1.3,84,0.028728,227.291769,26.1
0,7,3,6,1.3,3.5,2.8,2.9,2.3,3.3,7.8,1.3,86,0.022428,251.544692,26.1
0,7,3,6,1.3,3.5,2.8,2.9,2.3,3.3,7.8,1.3,82,0.019159,287.931209,26.1
0,7,3,6,1.3,3.5,2.8,2.9,2.3,3.3,7.8,1.3,83,0.023304,294.442903,26.1
0,7,3,6,1.3,3.5,2.8,2.9,2.3,3.3,7.8,1.3,78,0.17013,250.957704,26.1
0,7,3,6,1.3,3.5,2.8,2.9,2.3,3.3,7.8,1.3,84,0.026012,242.107298,26.1
0,7,3,6,1.3,3.5,2.8,2.9,2.3,3.3,7.8,1.3,90,0.047499,210.597075,26.1
0,7,3,6,1.3,3.5,2.8,2.9,2.3,3.3,7.8,1.3,81,0.028766,214.239902,26.1
0,7,3,6,1.3,3.5,2.8,2.9,2.3,3.3,7.8,1.3,80,0.026084,218.972546,26.1
0,7,3,6,1.3,3.5,2.8,2.9,2.3,3.3,7.8,1.3,81,0.031017,216.694338,26.1
0,7,3,6,1.3,3.5,2.8,2.9,2.3,3.3,7.8,1.3,91,0.029545,206.359091,26.1
0,7,3,6,1.3,3.5,2.8,2.9,2.3,3.3,7.8,1.3,74,0.037645,241.531843,26.1
0,7,3,6,1.3,3.5,2.8,2.9,2.3,3.3,7.8,1.3,75,0.029087,275.752167,26.1
0,7,3,6,1.3,3.5,2.8,2.9,2.3,3.3,7.8,1.3,82,0.027532,273.442092,26.1
0,7,3,6,1.3,3.5,2.8,2.9,2.3,3.3,7.8,1.3,85,0.028405,227.750271,26.1
0,7,3,6,1.3,3.5,2.8,2.9,2.3,3.3,7.8,1.3,80,0.04912,219.134303,26.1
0,7,3,6,1.3,3.5,2.8,2.9,2.3,3.3,7.8,1.3,78,0.032602,215.070435,26.1
0,7,3,6,1.3,3.5,2.8,2.9,2.3,3.3,7.8,1.3,76,0.040157,208.460842,26.1
0,7,3,6,1.3,3.5,2.8,2.9,2.3,3.3,7.8,1.3,75,0.04055,206.637342,26.1
0,7,3,6,1.3,3.5,2.8,2.9,2.3,3.3,7.8,1.3,85,0.029004,202.795393,26.1
0,7,3,6,1.3,3.5,2.8,2.9,2.3,3.3,7.8,1.3,81,0.103429,209.528614,26.1
1,7,5,5,4.6,6.5,5.8,2.3,5.2,5.2,6.7,3.2,77,0.035159,275.207487,52.5
1,7,5,5,4.6,6.5,5.8,2.3,5.2,5.2,6.7,3.2,77,0.033185,262.258636,52.5
1,7,5,5,4.6,6.5,5.8,2.3,5.2,5.2,6.7,3.2,77,0.024955,295.297823,52.5
1,7,5,5,4.6,6.5,5.8,2.3,5.2,5.2,6.7,3.2,77,0.029211,276.393039,52.5
1,7,5,5,4.6,6.5,5.8,2.3,5.2,5.2,6.7,3.2,78,0.026955,275.809922,52.5
1,7,5,5,4.6,6.5,5.8,2.3,5.2,5.2,6.7,3.2,76,0.038782,283.459302,52.5
1,7,5,5,4.6,6.5,5.8,2.3,5.2,5.2,6.7,3.2,75,0.037341,247.533453,52.5
1,7,5,5,4.6,6.5,5.8,2.3,5.2,5.2,6.7,3.2,77,0.032674,223.952283,52.5
1,7,5,5,4.6,6.5,5.8,2.3,5.2,5.2,6.7,3.2,73,0.03986,227.380228,52.5
1,7,5,5,4.6,6.5,5.8,2.3,5.2,5.2,6.7,3.2,72,0.038465,202.696993,52.5
1,7,5,5,4.6,6.5,5.8,2.3,5.2,5.2,6.7,3.2,77,0.02929,217.720409,52.5
1,7,5,5,4.6,6.5,5.8,2.3,5.2,5.2,6.7,3.2,79,0.035664,207.968697,52.5
1,7,5,5,4.6,6.5,5.8,2.3,5.2,5.2,6.7,3.2,76,0.036562,203.853223,52.5
1,7,5,5,4.6,6.5,5.8,2.3,5.2,5.2,6.7,3.2,74,0.044938,201.253124,52.5
1,7,5,5,4.6,6.5,5.8,2.3,5.2,5.2,6.7,3.2,78,0.032193,211.640638,52.5
1,7,5,5,4.6,6.5,5.8,2.3,5.2,5.2,6.7,3.2,73,0.044293,214.943176,52.5
1,7,5,5,4.6,6.5,5.8,2.3,5.2,5.2,6.7,3.2,72,0.038201,214.96341,52.5
1,7,5,5,4.6,6.5,5.8,2.3,5.2,5.2,6.7,3.2,77,0.029198,234.417407,52.5
1,7,5,5,4.6,6.5,5.8,2.3,5.2,5.2,6.7,3.2,81,0.040367,214.711531,52.5
1,7,5,5,4.6,6.5,5.8,2.3,5.2,5.2,6.7,3.2,79,0.031453,211.984849,52.5
1,7,5,5,4.6,6.5,5.8,2.3,5.2,5.2,6.7,3.2,80,0.030019,199.831676,52.5
1,7,5,5,4.6,6.5,5.8,2.3,5.2,5.2,6.7,3.2,76,0.03472,215.619611,52.5
1,7,5,5,4.6,6.5,5.8,2.3,5.2,5.2,6.7,3.2,76,0.041439,225.548887,52.5
1,7,5,5,4.6,6.5,5.8,2.3,5.2,5.2,6.7,3.2,68,0.049518,224.061051,52.5
1,7,5,5,4.6,6.5,5.8,2.3,5.2,5.2,6.7,3.2,74,0.049402,228.843373,52.5
1,7,5,5,4.6,6.5,5.8,2.3,5.2,5.2,6.7,3.2,70,0.061873,210.04368,52.5
1,7,5,5,4.6,6.5,5.8,2.3,5.2,5.2,6.7,3.2,70,0.048629,202.813998,52.5
1,7,5,5,4.6,6.5,5.8,2.3,5.2,5.2,6.7,3.2,78,0.036062,201.572822,52.5
1,7,5,5,4.6,6.5,5.8,2.3,5.2,5.2,6.7,3.2,75,0.037878,202.171507,52.5
1,7,5,5,4.6,6.5,5.8,2.3,5.2,5.2,6.7,3.2,75,0.038154,200.844452,52.5
1,7,5,5,4.6,6.5,5.8,2.3,5.2,5.2,6.7,3.2,76,0.037115,193.083793,52.5
1,7,5,5,4.6,6.5,5.8,2.3,5.2,5.2,6.7,3.2,70,0.039961,190.461499,52.5
1,7,5,5,4.6,6.5,5.8,2.3,5.2,5.2,6.7,3.2,72,0.038567,190.48601,52.5
1,7,5,5,4.6,6.5,5.8,2.3,5.2,5.2,6.7,3.2,73,0.03681,180.731685,52.5
1,7,5,5,4.6,6.5,5.8,2.3,5.2,5.2,6.7,3.2,72,0.041152,181.867731,52.5
1,7,5,5,4.6,6.5,5.8,2.3,5.2,5.2,6.7,3.2,75,0.044356,181.515744,52.5
1,7,5,5,4.6,6.5,5.8,2.3,5.2,5.2,6.7,3.2,74,0.041162,177.522317,52.5
2,6,5,5,4.3,6.6,4.7,2.8,5.7,3.8,5.3,2.8,77,0.039229,241.665451,48.3
2,6,5,5,4.3,6.6,4.7,2.8,5.7,3.8,5.3,2.8,71,0.050683,244.297912,48.3
2,6,5,5,4.3,6.6,4.7,2.8,5.7,3.8,5.3,2.8,72,0.126651,238.459231,48.3
2,6,5,5,4.3,6.6,4.7,2.8,5.7,3.8,5.3,2.8,73,0.035781,242.657972,48.3
2,6,5,5,4.3,6.6,4.7,2.8,5.7,3.8,5.3,2.8,75,0.041544,237.395392,48.3
2,6,5,5,4.3,6.6,4.7,2.8,5.7,3.8,5.3,2.8,69,0.049059,255.347962,48.3
2,6,5,5,4.3,6.6,4.7,2.8,5.7,3.8,5.3,2.8,82,0.190685,279.03493,48.3
2,6,5,5,4.3,6.6,4.7,2.8,5.7,3.8,5.3,2.8,69,0.0473,266.821032,48.3
2,6,5,5,4.3,6.6,4.7,2.8,5.7,3.8,5.3,2.8,73,0.044909,258.657388,48.3
2,6,5,5,4.3,6.6,4.7,2.8,5.7,3.8,5.3,2.8,73,0.046351,256.125151,48.3
2,6,5,5,4.3,6.6,4.7,2.8,5.7,3.8,5.3,2.8,70,0.03822,242.863792,48.3
2,6,5,5,4.3,6.6,4.7,2.8,5.7,3.8,5.3,2.8,78,0.03408,255.142413,48.3
2,6,5,5,4.3,6.6,4.7,2.8,5.7,3.8,5.3,2.8,81,0.066343,223.997247,48.3
2,6,5,5,4.3,6.6,4.7,2.8,5.7,3.8,5.3,2.8,79,0.030133,237.1968,48.3
2,6,5,5,4.3,6.6,4.7,2.8,5.7,3.8,5.3,2.8,79,0.030012,240.094702,48.3
2,6,5,5,4.3,6.6,4.7,2.8,5.7,3.8,5.3,2.8,73,0.040432,223.497615,48.3
2,6,5,5,4.3,6.6,4.7,2.8,5.7,3.8,5.3,2.8,75,0.043602,214.774836,48.3
2,6,5,5,4.3,6.6,4.7,2.8,5.7,3.8,5.3,2.8,77,0.107131,216.288254,48.3
0,9,1,9,0,8.9,2.3,2.2,2.2,7.8,8.7,0.2,82,0.065925,147.499247,41.9
1,9,1,9,0,8.8,2.2,1.8,0.3,8.7,9.8,0.3,83,0.050671,121.661929,40.1
1,9,1,9,0,8.8,2.2,1.8,0.3,8.7,9.8,0.3,77,0.054457,128.466225,40.1
1,9,1,9,0,8.8,2.2,1.8,0.3,8.7,9.8,0.3,82,0.044566,135.232785,40.1
1,9,1,9,0,8.8,2.2,1.8,0.3,8.7,9.8,0.3,79,0.036351,142.940019,40.1
1,9,1,9,0,8.8,2.2,1.8,0.3,8.7,9.8,0.3,77,0.051587,155.197513,40.1
1,9,1,9,0,8.8,2.2,1.8,0.3,8.7,9.8,0.3,81,0.049066,158.079809,40.1
1,9,1,9,0,8.8,2.2,1.8,0.3,8.7,9.8,0.3,79,0.053225,156.732889,40.1
1,9,1,9,0,8.8,2.2,1.8,0.3,8.7,9.8,0.3,77,0.047968,158.480661,40.1
1,9,1,9,0,8.8,2.2,1.8,0.3,8.7,9.8,0.3,79,0.050193,157.153937,40.1
1,9,1,9,0,8.8,2.2,1.8,0.3,8.7,9.8,0.3,83,0.043965,150.981794,40.1
1,9,1,9,0,8.8,2.2,1.8,0.3,8.7,9.8,0.3,81,0.051062,156.139636,40.1
1,9,1,9,0,8.8,2.2,1.8,0.3,8.7,9.8,0.3,77,0.05158,159.591828,40.1
1,9,1,9,0,8.8,2.2,1.8,0.3,8.7,9.8,0.3,77,0.047363,164.282352,40.1
1,9,1,9,0,8.8,2.2,1.8,0.3,8.7,9.8,0.3,79,0.054282,161.953179,40.1
1,9,1,9,0,8.8,2.2,1.8,0.3,8.7,9.8,0.3,81,0.04909,144.434311,40.1
1,9,1,9,0,8.8,2.2,1.8,0.3,8.7,9.8,0.3,78,0.047484,130.011129,40.1
1,9,1,9,0,8.8,2.2,1.8,0.3,8.7,9.8,0.3,76,0.039062,140.197468,40.1
1,9,1,9,0,8.8,2.2,1.8,0.3,8.7,9.8,0.3,78,0.044153,151.484616,40.1
1,9,1,9,0,8.8,2.2,1.8,0.3,8.7,9.8,0.3,79,0.04494,160.480661,40.1
1,9,1,9,0,8.8,2.2,1.8,0.3,8.7,9.8,0.3,82,0.044299,169.226614,40.1
1,9,1,9,0,8.8,2.2,1.8,0.3,8.7,9.8,0.3,79,0.051212,177.649217,40.1
1,9,1,9,0,8.8,2.2,1.8,0.3,8.7,9.8,0.3,78,0.038091,186.713345,40.1
1,9,1,9,0,8.8,2.2,1.8,0.3,8.7,9.8,0.3,79,0.044032,192.917435,40.1
1,9,1,9,0,8.8,2.2,1.8,0.3,8.7,9.8,0.3,80,0.045729,198.730245,40.1
1,9,1,9,0,8.8,2.2,1.8,0.3,8.7,9.8,0.3,82,0.043671,203.553194,40.1
1,9,1,9,0,8.8,2.2,1.8,0.3,8.7,9.8,0.3,78,0.049719,200.471229,40.1
1,9,1,9,0,8.8,2.2,1.8,0.3,8.7,9.8,0.3,79,0.042089,200.87039,40.1
1,9,1,9,0,8.8,2.2,1.8,0.3,8.7,9.8,0.3,81,0.048189,187.460858,40.1
1,9,1,9,0,8.8,2.2,1.8,0.3,8.7,9.8,0.3,81,0.042028,195.489767,40.1
1,9,1,9,0,8.8,2.2,1.8,0.3,8.7,9.8,0.3,81,0.041654,184.627041,40.1
1,9,1,9,0,8.8,2.2,1.8,0.3,8.7,9.8,0.3,80,0.039658,178.180916,40.1
1,9,1,9,0,8.8,2.2,1.8,0.3,8.7,9.8,0.3,80,0.039175,182.471435,40.1
1,9,1,9,0,8.8,2.2,1.8,0.3,8.7,9.8,0.3,80,0.044915,181.645476,40.1
1,9,1,9,0,8.8,2.2,1.8,0.3,8.7,9.8,0.3,81,0.046342,177.770495,40.1
1,9,1,9,0,8.8,2.2,1.8,0.3,8.7,9.8,0.3,79,0.042875,182.049439,40.1
1,9,1,9,0,8.8,2.2,1.8,0.3,8.7,9.8,0.3,81,0.043968,175.81473,40.1
1,9,1,9,0,8.8,2.2,1.8,0.3,8.7,9.8,0.3,77,0.04308,167.586553,40.1
1,9,1,9,0,8.8,2.2,1.8,0.3,8.7,9.8,0.3,77,0.039378,168.532094,40.1
1,9,1,9,0,8.8,2.2,1.8,0.3,8.7,9.8,0.3,74,0.03365,158.199402,40.1
1,9,1,9,0,8.8,2.2,1.8,0.3,8.7,9.8,0.3,77,0.061031,156.544518,40.1
1,9,1,9,0,8.8,2.2,1.8,0.3,8.7,9.8,0.3,78,0.048048,159.65717,40.1
1,9,1,9,0,8.8,2.2,1.8,0.3,8.7,9.8,0.3,71,0.038686,154.026764,40.1
2,9,1,9,2.2,10.6,3.3,3.3,3.8,8.8,7.7,0.3,79,0.054191,126.312593,52.5
2,9,1,9,2.2,10.6,3.3,3.3,3.8,8.8,7.7,0.3,79,0.053295,131.328493,52.5
2,9,1,9,2.2,10.6,3.3,3.3,3.8,8.8,7.7,0.3,76,0.053961,127.191889,52.5
1,7,5,5,2.3,4.4,3.1,1.8,5.3,2.8,5.3,4.2,72,0.043738,156.980597,44
1,7,5,5,2.3,4.4,3.1,1.8,5.3,2.8,5.3,4.2,72,0.061145,163.35235,44
1,7,5,5,2.3,4.4,3.1,1.8,5.3,2.8,5.3,4.2,72,0.04281,161.934176,44
1,7,5,5,2.3,4.4,3.1,1.8,5.3,2.8,5.3,4.2,74,0.044415,152.559177,44
1,7,5,5,2.3,4.4,3.1,1.8,5.3,2.8,5.3,4.2,71,0.189561,155.285648,44
1,7,5,5,2.3,4.4,3.1,1.8,5.3,2.8,5.3,4.2,67,0.056916,165.043695,44
1,7,5,5,2.3,4.4,3.1,1.8,5.3,2.8,5.3,4.2,69,0.109326,163.453954,44
1,7,5,5,2.3,4.4,3.1,1.8,5.3,2.8,5.3,4.2,73,0.036647,160.906313,44
1,7,5,5,2.3,4.4,3.1,1.8,5.3,2.8,5.3,4.2,73,0.133468,162.538854,44
1,7,5,5,2.3,4.4,3.1,1.8,5.3,2.8,5.3,4.2,69,0.121519,170.948474,44
1,7,5,5,2.3,4.4,3.1,1.8,5.3,2.8,5.3,4.2,72,0.133882,171.630916,44
1,7,5,5,2.3,4.4,3.1,1.8,5.3,2.8,5.3,4.2,71,0.048974,166.812626,44
1,7,5,5,2.3,4.4,3.1,1.8,5.3,2.8,5.3,4.2,69,0.041144,165.534655,44
1,7,5,5,2.3,4.4,3.1,1.8,5.3,2.8,5.3,4.2,74,0.086015,169.486645,44
0,5,3,9,2.1,7.6,1.3,5.3,3.3,6.7,7.7,2.3,74,0.068361,167.371916,34.2
0,5,3,9,2.1,7.6,1.3,5.3,3.3,6.7,7.7,2.3,73,0.059229,230.56785,34.2
0,5,3,9,2.1,7.6,1.3,5.3,3.3,6.7,7.7,2.3,76,0.046064,355.42364,34.2
0,5,3,9,2.1,7.6,1.3,5.3,3.3,6.7,7.7,2.3,76,0.054792,428.60786,34.2
0,5,3,9,2.1,7.6,1.3,5.3,3.3,6.7,7.7,2.3,75,0.062583,406.117911,34.2
0,5,3,9,2.1,7.6,1.3,5.3,3.3,6.7,7.7,2.3,72,0.071597,409.697484,34.2
0,5,3,9,2.1,7.6,1.3,5.3,3.3,6.7,7.7,2.3,73,0.058583,411.278727,34.2
0,5,3,9,2.1,7.6,1.3,5.3,3.3,6.7,7.7,2.3,75,0.049787,438.856459,34.2
0,5,3,9,2.1,7.6,1.3,5.3,3.3,6.7,7.7,2.3,76,0.057211,472.22886,34.2
0,5,3,9,2.1,7.6,1.3,5.3,3.3,6.7,7.7,2.3,77,0.048618,415.652667,34.2
0,5,3,9,2.1,7.6,1.3,5.3,3.3,6.7,7.7,2.3,75,0.062143,429.592892,34.2
0,5,3,9,2.1,7.6,1.3,5.3,3.3,6.7,7.7,2.3,73,0.061931,407.634845,34.2
0,5,3,9,2.1,7.6,1.3,5.3,3.3,6.7,7.7,2.3,73,0.060436,423.638972,34.2
0,5,3,9,2.1,7.6,1.3,5.3,3.3,6.7,7.7,2.3,73,0.065404,429.444654,34.2
0,5,3,9,2.1,7.6,1.3,5.3,3.3,6.7,7.7,2.3,75,0.054274,445.726186,34.2
0,5,3,9,2.1,7.6,1.3,5.3,3.3,6.7,7.7,2.3,71,0.060734,499.565161,34.2
0,5,3,9,2.1,7.6,1.3,5.3,3.3,6.7,7.7,2.3,76,0.04407,463.836054,34.2
0,5,3,9,2.1,7.6,1.3,5.3,3.3,6.7,7.7,2.3,74,0.047686,412.800685,34.2
0,5,3,9,2.1,7.6,1.3,5.3,3.3,6.7,7.7,2.3,74,0.053769,427.466263,34.2
0,5,3,9,2.1,7.6,1.3,5.3,3.3,6.7,7.7,2.3,73,0.057999,435.384078,34.2
0,5,3,9,2.1,7.6,1.3,5.3,3.3,6.7,7.7,2.3,76,0.049541,403.394146,34.2
0,5,3,9,2.1,7.6,1.3,5.3,3.3,6.7,7.7,2.3,71,0.054303,399.089507,34.2
0,5,3,9,2.1,7.6,1.3,5.3,3.3,6.7,7.7,2.3,74,0.057002,411.29225,34.2
0,5,3,9,2.1,7.6,1.3,5.3,3.3,6.7,7.7,2.3,74,0.065676,368.822109,34.2
0,5,3,9,2.1,7.6,1.3,5.3,3.3,6.7,7.7,2.3,72,0.072003,369.750935,34.2
0,5,3,9,2.1,7.6,1.3,5.3,3.3,6.7,7.7,2.3,72,0.070223,365.877344,34.2
0,5,3,9,2.1,7.6,1.3,5.3,3.3,6.7,7.7,2.3,75,0.055196,365.568995,34.2
0,5,3,9,2.1,7.6,1.3,5.3,3.3,6.7,7.7,2.3,76,0.054486,298.66443,34.2
0,5,3,9,2.1,7.6,1.3,5.3,3.3,6.7,7.7,2.3,73,0,359,34.2
0,5,3,9,2.1,7.6,1.3,5.3,3.3,6.7,7.7,2.3,73,0.050735,414.231041,34.2
0,5,3,9,2.1,7.6,1.3,5.3,3.3,6.7,7.7,2.3,76,0.05493,386.499848,34.2
0,5,3,9,2.1,7.6,1.3,5.3,3.3,6.7,7.7,2.3,76,0.05968,376.844879,34.2
0,5,3,9,2.1,7.6,1.3,5.3,3.3,6.7,7.7,2.3,72,0.057535,417.637997,34.2
0,5,3,9,2.1,7.6,1.3,5.3,3.3,6.7,7.7,2.3,73,0.05898,372.226555,34.2
0,5,3,9,2.1,7.6,1.3,5.3,3.3,6.7,7.7,2.3,76,0.050963,356.930506,34.2
0,5,3,9,2.1,7.6,1.3,5.3,3.3,6.7,7.7,2.3,75,0.06851,360.004536,34.2
0,5,3,9,2.1,7.6,1.3,5.3,3.3,6.7,7.7,2.3,71,0.069107,381.692687,34.2
0,5,3,9,2.1,7.6,1.3,5.3,3.3,6.7,7.7,2.3,74,0.06156,388.79116,34.2
0,5,3,9,2.1,7.6,1.3,5.3,3.3,6.7,7.7,2.3,76,0.062856,325.248428,34.2
0,5,3,9,2.1,7.6,1.3,5.3,3.3,6.7,7.7,2.3,75,0.05908,300.224893,34.2
1,7,6,7,5.8,4,7.2,3.2,5.8,3.2,4.2,4.2,76,0.057069,234.849797,55.8
1,7,6,7,5.8,4,7.2,3.2,5.8,3.2,4.2,4.2,75,0.044424,180.535975,55.8
1,7,6,7,5.8,4,7.2,3.2,5.8,3.2,4.2,4.2,76,0.070956,248.65154,55.8
1,7,6,7,5.8,4,7.2,3.2,5.8,3.2,4.2,4.2,76,0.042389,263.861347,55.8
1,7,6,7,5.8,4,7.2,3.2,5.8,3.2,4.2,4.2,74,0.187953,320.618055,55.8
1,7,6,7,5.8,4,7.2,3.2,5.8,3.2,4.2,4.2,71,0.045838,284.246407,55.8
1,7,6,7,5.8,4,7.2,3.2,5.8,3.2,4.2,4.2,71,0.054779,385.188713,55.8
1,7,6,7,5.8,4,7.2,3.2,5.8,3.2,4.2,4.2,73,0.054212,394.794155,55.8
1,7,6,7,5.8,4,7.2,3.2,5.8,3.2,4.2,4.2,73,0.05995,412.60378,55.8
1,7,6,7,5.8,4,7.2,3.2,5.8,3.2,4.2,4.2,72,0.077869,357.228319,55.8
1,7,6,7,5.8,4,7.2,3.2,5.8,3.2,4.2,4.2,72,0.05898,376.361726,55.8
2,2,3,2,7.1,2.9,6.8,7.2,6.7,3.7,4.3,3.4,70,0.065145,279.132157,53.9
2,2,3,2,7.1,2.9,6.8,7.2,6.7,3.7,4.3,3.4,71,0.078623,300.687631,53.9
2,2,3,2,7.1,2.9,6.8,7.2,6.7,3.7,4.3,3.4,70,0.067733,322.108214,53.9
2,2,3,2,7.1,2.9,6.8,7.2,6.7,3.7,4.3,3.4,73,0.057777,349.931794,53.9
2,2,3,2,7.1,2.9,6.8,7.2,6.7,3.7,4.3,3.4,72,0.079878,370.680127,53.9
2,2,3,2,7.1,2.9,6.8,7.2,6.7,3.7,4.3,3.4,69,0.072708,385.31483,53.9
2,2,3,2,7.1,2.9,6.8,7.2,6.7,3.7,4.3,3.4,75,0.071916,401.785338,53.9
2,2,3,2,7.1,2.9,6.8,7.2,6.7,3.7,4.3,3.4,71,0.086404,413.799462,53.9
2,2,3,2,7.1,2.9,6.8,7.2,6.7,3.7,4.3,3.4,72,0.066334,420.658631,53.9
2,2,3,2,7.1,2.9,6.8,7.2,6.7,3.7,4.3,3.4,74,0.066778,402.417271,53.9
2,2,3,2,7.1,2.9,6.8,7.2,6.7,3.7,4.3,3.4,79,0.040899,391.709494,53.9
2,2,3,2,7.1,2.9,6.8,7.2,6.7,3.7,4.3,3.4,71,0.067536,412.087626,53.9
2,2,3,2,7.1,2.9,6.8,7.2,6.7,3.7,4.3,3.4,72,0.064309,426.695132,53.9
2,2,3,2,7.1,2.9,6.8,7.2,6.7,3.7,4.3,3.4,77,0.054952,417.936546,53.9
2,2,3,2,7.1,2.9,6.8,7.2,6.7,3.7,4.3,3.4,74,0.061054,394.561073,53.9
2,2,3,2,7.1,2.9,6.8,7.2,6.7,3.7,4.3,3.4,72,0.057848,402.629973,53.9
2,2,3,2,7.1,2.9,6.8,7.2,6.7,3.7,4.3,3.4,71,0.062949,443.665791,53.9
2,2,3,2,7.1,2.9,6.8,7.2,6.7,3.7,4.3,3.4,75,0.055692,418.740402,53.9
2,2,3,2,7.1,2.9,6.8,7.2,6.7,3.7,4.3,3.4,70,0.061722,428.879401,53.9
2,2,3,2,7.1,2.9,6.8,7.2,6.7,3.7,4.3,3.4,74,0.048284,445.488222,53.9
2,2,3,2,7.1,2.9,6.8,7.2,6.7,3.7,4.3,3.4,73,0.053659,447.684055,53.9
2,2,3,2,7.1,2.9,6.8,7.2,6.7,3.7,4.3,3.4,74,0.063826,439.694341,53.9
2,2,3,2,7.1,2.9,6.8,7.2,6.7,3.7,4.3,3.4,73,0.066451,392.011945,53.9
2,2,3,2,7.1,2.9,6.8,7.2,6.7,3.7,4.3,3.4,70,0.057428,421.351276,53.9
2,2,3,2,7.1,2.9,6.8,7.2,6.7,3.7,4.3,3.4,70,0.059132,417.931686,53.9
0,7,3,5,0.8,4.1,3.9,1.3,7,2.8,2.5,0.9,70,0.064041,171.570908,57.5
0,7,3,5,0.8,4.1,3.9,1.3,7,2.8,2.5,0.9,73,0.030619,179.826531,57.5
0,7,3,5,0.8,4.1,3.9,1.3,7,2.8,2.5,0.9,70,0.039263,203.147656,57.5
0,7,3,5,0.8,4.1,3.9,1.3,7,2.8,2.5,0.9,67,0.048523,187.918571,57.5
0,7,3,5,0.8,4.1,3.9,1.3,7,2.8,2.5,0.9,70,0.043395,188.419199,57.5
0,7,3,5,0.8,4.1,3.9,1.3,7,2.8,2.5,0.9,74,0.043764,182.783815,57.5
0,7,3,5,0.8,4.1,3.9,1.3,7,2.8,2.5,0.9,64,0.065345,179.416358,57.5
0,7,3,5,0.8,4.1,3.9,1.3,7,2.8,2.5,0.9,64,0.065362,186.769586,57.5
0,7,3,5,0.8,4.1,3.9,1.3,7,2.8,2.5,0.9,62,0.067523,181.821969,57.5
0,7,3,5,0.8,4.1,3.9,1.3,7,2.8,2.5,0.9,63,0.079881,178.599712,57.5
0,7,3,5,0.8,4.1,3.9,1.3,7,2.8,2.5,0.9,67,0.053013,191.915009,57.5
0,7,3,5,0.8,4.1,3.9,1.3,7,2.8,2.5,0.9,62,0.084844,180.200081,57.5
0,7,3,5,0.8,4.1,3.9,1.3,7,2.8,2.5,0.9,67,0.089667,197.369069,57.5
0,7,3,5,0.8,4.1,3.9,1.3,7,2.8,2.5,0.9,67,0.061481,166.881858,57.5
0,7,3,5,0.8,4.1,3.9,1.3,7,2.8,2.5,0.9,62,0.077874,170.993573,57.5
0,7,3,5,0.8,4.1,3.9,1.3,7,2.8,2.5,0.9,71,0.053668,173.76105,57.5
0,7,3,5,0.8,4.1,3.9,1.3,7,2.8,2.5,0.9,68,0.09798,173.398502,57.5
0,7,3,5,0.8,4.1,3.9,1.3,7,2.8,2.5,0.9,71,0.034871,178.404252,57.5
0,7,3,5,0.8,4.1,3.9,1.3,7,2.8,2.5,0.9,68,0.06597,192.389014,57.5
0,7,3,5,0.8,4.1,3.9,1.3,7,2.8,2.5,0.9,71,0.057579,190.15151,57.5
0,7,3,5,0.8,4.1,3.9,1.3,7,2.8,2.5,0.9,69,0.03631,197.735227,57.5
0,7,3,5,0.8,4.1,3.9,1.3,7,2.8,2.5,0.9,71,0.027507,259.601815,57.5
0,7,3,5,0.8,4.1,3.9,1.3,7,2.8,2.5,0.9,73,0.036224,224.487094,57.5
0,7,3,5,0.8,4.1,3.9,1.3,7,2.8,2.5,0.9,70,0.034947,186.967133,57.5
0,7,3,5,0.8,4.1,3.9,1.3,7,2.8,2.5,0.9,67,0.054014,192.272535,57.5
0,7,3,5,0.8,4.1,3.9,1.3,7,2.8,2.5,0.9,69,0.040609,185.463128,57.5
0,7,3,5,0.8,4.1,3.9,1.3,7,2.8,2.5,0.9,71,0.028558,196.014119,57.5
0,7,3,5,0.8,4.1,3.9,1.3,7,2.8,2.5,0.9,66,0.042787,190.001064,57.5
0,5,6,6,5.7,5.8,7,1.7,8,6.1,4,3.6,87,0.076419,272.186542,63.7
0,5,6,6,5.7,5.8,7,1.7,8,6.1,4,3.6,87,0.026866,269.987194,63.7
0,5,6,6,5.7,5.8,7,1.7,8,6.1,4,3.6,86,0.027074,277.569018,63.7
0,5,6,6,5.7,5.8,7,1.7,8,6.1,4,3.6,85,0.029582,278.9291,63.7
0,5,6,6,5.7,5.8,7,1.7,8,6.1,4,3.6,88,0.113781,252.716867,63.7
2,5,8,4,7.4,4.1,4.9,6.5,8.1,6.5,3,7.6,74,0.050108,224.198526,72.6
2,5,8,4,7.4,4.1,4.9,6.5,8.1,6.5,3,7.6,75,0.050314,216.500714,72.6
2,5,8,4,7.4,4.1,4.9,6.5,8.1,6.5,3,7.6,75,0.060882,210.634761,72.6
2,5,8,4,7.4,4.1,4.9,6.5,8.1,6.5,3,7.6,73,0.048561,223.365501,72.6
2,5,8,4,7.4,4.1,4.9,6.5,8.1,6.5,3,7.6,75,0.047879,225.842376,72.6
2,5,8,4,7.4,4.1,4.9,6.5,8.1,6.5,3,7.6,73,0.051319,225.449905,72.6
2,5,8,4,7.4,4.1,4.9,6.5,8.1,6.5,3,7.6,79,0.033907,225.883021,72.6
2,5,8,4,7.4,4.1,4.9,6.5,8.1,6.5,3,7.6,75,0.051155,217.163238,72.6
2,5,8,4,7.4,4.1,4.9,6.5,8.1,6.5,3,7.6,71,0.053725,216.373739,72.6
2,5,8,4,7.4,4.1,4.9,6.5,8.1,6.5,3,7.6,71,0.052899,217.891689,72.6
2,5,8,4,7.4,4.1,4.9,6.5,8.1,6.5,3,7.6,74,0.0461,214.826348,72.6
2,5,8,4,7.4,4.1,4.9,6.5,8.1,6.5,3,7.6,73,0.051693,208.572666,72.6
2,5,8,4,7.4,4.1,4.9,6.5,8.1,6.5,3,7.6,71,0.058278,207.34119,72.6
2,5,8,4,7.4,4.1,4.9,6.5,8.1,6.5,3,7.6,67,0.052282,197.748713,72.6
2,5,8,4,7.4,4.1,4.9,6.5,8.1,6.5,3,7.6,70,0.050225,210.022496,72.6
2,5,8,4,7.4,4.1,4.9,6.5,8.1,6.5,3,7.6,70,0.045716,207.098582,72.6
2,5,8,4,7.4,4.1,4.9,6.5,8.1,6.5,3,7.6,72,0.042574,204.217031,72.6
2,5,8,4,7.4,4.1,4.9,6.5,8.1,6.5,3,7.6,71,0.046408,210.700005,72.6
2,5,8,4,7.4,4.1,4.9,6.5,8.1,6.5,3,7.6,73,0.045816,208.899576,72.6
2,5,8,4,7.4,4.1,4.9,6.5,8.1,6.5,3,7.6,69,0.047306,207.125821,72.6
2,5,8,4,7.4,4.1,4.9,6.5,8.1,6.5,3,7.6,70,0.052616,198.394791,72.6
2,5,8,4,7.4,4.1,4.9,6.5,8.1,6.5,3,7.6,71,0.044456,201.009391,72.6
2,5,8,4,7.4,4.1,4.9,6.5,8.1,6.5,3,7.6,70,0.043308,199.461576,72.6
2,5,8,4,7.4,4.1,4.9,6.5,8.1,6.5,3,7.6,71,0.065347,198.634504,72.6
2,5,8,4,7.4,4.1,4.9,6.5,8.1,6.5,3,7.6,68,0.048439,192.602462,72.6
2,5,8,4,7.4,4.1,4.9,6.5,8.1,6.5,3,7.6,69,0.053847,200.518946,72.6
2,5,8,4,7.4,4.1,4.9,6.5,8.1,6.5,3,7.6,71,0.041862,194.23011,72.6
0,7,2,5,2.3,3.8,7.9,1.4,8.5,2.9,6.7,6.7,103,0.014282,104.536133,61.4
0,7,2,5,2.3,3.8,7.9,1.4,8.5,2.9,6.7,6.7,102,0.086815,111.347628,61.4
0,7,2,5,2.3,3.8,7.9,1.4,8.5,2.9,6.7,6.7,107,0.010599,105.717454,61.4
0,7,2,5,2.3,3.8,7.9,1.4,8.5,2.9,6.7,6.7,104,0.01477,109.776504,61.4
0,7,2,5,2.3,3.8,7.9,1.4,8.5,2.9,6.7,6.7,100,0.064042,117.330429,61.4
0,7,2,5,2.3,3.8,7.9,1.4,8.5,2.9,6.7,6.7,99,0.050744,111.076512,61.4
0,7,2,5,2.3,3.8,7.9,1.4,8.5,2.9,6.7,6.7,100,0.01577,126.355563,61.4
0,7,2,5,2.3,3.8,7.9,1.4,8.5,2.9,6.7,6.7,97,0.052218,122.533883,61.4
0,7,2,5,2.3,3.8,7.9,1.4,8.5,2.9,6.7,6.7,103,0.024232,114.165519,61.4
0,7,2,5,2.3,3.8,7.9,1.4,8.5,2.9,6.7,6.7,100,0.011931,129.060214,61.4
0,7,2,5,2.3,3.8,7.9,1.4,8.5,2.9,6.7,6.7,97,0.014706,123.631712,61.4
0,7,2,5,2.3,3.8,7.9,1.4,8.5,2.9,6.7,6.7,95,0.013794,135.957293,61.4
0,7,2,5,2.3,3.8,7.9,1.4,8.5,2.9,6.7,6.7,91,0.043623,144.205661,61.4
